,x0,x1,target
0,-0.061460003802456746,-0.08857039416185575,0
1,0.0351335058462536,0.01529069747191586,1
2,-0.0662456529569148,-0.11012984965848621,1
3,-0.13671441875693674,-0.09671113926968454,0
4,-0.006063491024124035,-0.06401907603089994,0
5,0.022342968057680358,0.021118047855137614,1
6,0.11009691295163648,-0.037093876001086705,0
7,-0.05010681281129752,-0.048611477900664515,1
8,-0.12574740009882793,0.19961381660578997,0
9,0.15121946323260832,-0.21948657473081276,1
10,-0.05104573056590848,0.21839178551507132,0
11,-0.07585313086663614,0.07022225993423668,0
12,0.00047937045562540526,-0.10516255344644106,0
13,0.12143808526106242,0.11892377230219875,1
14,-0.07036058022220977,-0.007928733147574075,0
15,0.37575043196906033,0.3994644010615292,1
16,0.08811442729742001,0.10033382543586962,1
17,-0.1126952386009454,-0.08367587869003906,0
18,0.1606351420419444,0.13629009558469327,1
19,-0.04207467720425684,-0.058723602701714395,1
20,-0.08043405186551533,-0.03538443994512104,0
21,0.09239000327237597,-0.1377190146941394,1
22,0.0037445293826422034,-0.07586002710284524,0
23,-0.11977157502982055,0.08017051305505751,0
24,-0.004004040718033264,-0.037100435099479544,1
25,-0.15542075068935396,0.058528167600891745,0
26,0.008102980154775707,0.025950898206642647,1
27,0.046668962570515005,-0.0416088746969434,0
28,-0.1165629462882507,-0.10253401324552434,0
29,0.024257729245964366,0.005635542443082443,1
30,0.02692478762140962,0.03475598010765623,1
31,0.10296428768619732,-0.025289253930109848,0
32,0.032870621986080796,0.014044364455231807,1
33,0.1686559548577582,-0.021015535126988685,1
34,0.12794645156271894,0.12807941433384684,0
35,0.16099484959373778,-0.08539868362043075,1
36,0.06760855868361869,0.06997233366088546,1
37,0.05923963007810358,0.053613399316937864,1
38,0.14274487236262662,0.16146308061496814,1
39,-0.04355551167019776,-0.0543956659012477,0
40,0.2164633600240614,-0.08786791686740647,1
41,-0.21224284825287176,-0.1343143424296231,0
42,0.17659125300982406,0.18522468692450267,1
43,0.09747731471654597,0.10241831340573714,1
44,-0.14226197276104605,-0.12340496420189209,0
45,-0.13338201851664797,-0.06874550295611619,0
46,-0.07593534437699292,-0.09092819818066578,0
47,0.07631217030674993,-0.04535553045438047,1
48,-0.10057879156263655,0.21106427757689455,0
49,-0.16487431846039208,-0.10585066624151832,0
50,0.11935600256613846,-0.30064857040360815,1
51,-0.09326533339152077,0.07533133324183809,0
52,0.29603170057208555,0.3263788258400895,1
53,-0.10880569766875943,-0.014432866176080484,0
54,0.19176739260897005,-0.10317104754532827,1
55,0.13493701322882065,0.1417307818415635,1
56,-0.020352264821361533,-0.06933433273170823,0
57,-0.02810489524479556,0.06525723778990104,1
58,0.034282257072971146,-0.2019225612483891,1
59,0.09642292694174068,0.02441433658601362,1
60,-0.07680893211834915,0.1832499360377749,0
61,0.04652253201031962,0.05946764885771355,1
62,0.06745391250045693,0.05834146657024417,1
63,-0.27604163158206163,-0.15610280392936782,0
64,0.21691697914264677,0.2160001929989865,1
65,-0.14783541348069398,0.20926032438463285,0
66,0.1223627507255499,0.13068029837869916,1
67,0.1170129493468398,0.13584959965564095,1
68,0.18961937668539977,-0.1287894198500732,1
69,0.1646367141258015,0.1882030027039841,1
70,-0.15046496089206554,-0.11778945436218682,0
71,-0.04281662165433769,-0.03347417111244888,0
72,-0.1516180946497001,0.048853934246646316,0
73,0.22771856815591207,-0.04977201080203948,1
74,-0.0755899110391802,0.1130707872698332,0
75,-0.02173042557473517,-0.06860766332166293,0
76,0.17306297203043094,0.18020119332839074,1
77,-0.053260791171153836,-0.0811449471178642,0
78,-0.10886683560963573,0.01240007120577471,0
79,0.11044545404592304,-0.14498514796816825,1
80,-0.020059834468995265,-0.07265112110443751,0
81,0.1351920866358663,-0.030540547921712225,0
82,-0.04463980032494711,-0.09458326583932422,0
83,-0.10137701292815988,0.1639044437917416,0
84,0.14621005522216918,0.14522613428429404,1
85,-0.26249741737657706,-0.15337204517022132,0
86,0.1912628577835879,-0.15141232808454533,1
87,-0.029325472271543165,-0.08997559828032241,0
88,0.13318784769959877,-0.04705737706051161,1
89,0.11821333555682821,-0.12217217718110983,1
90,0.27119608896597114,0.29251395877620867,1
91,-0.01612887838192135,-0.0665227145810336,0
92,-0.11282952479165814,0.06574489615043173,0
93,-0.16699586644808814,0.07209163251927045,0
94,-0.09198365268034259,-0.09062701513138482,0
95,0.13384858529080082,0.13997628088214706,1
96,0.08433695093624852,-0.050765847671905964,0
97,-0.07455121960015336,0.2090847772073292,0
98,-0.10703759592903946,-0.016989512096214687,0
99,-0.21494709706326964,-0.1248891718662567,0
100,-0.04458517693355142,-0.09469219163939935,0
101,0.17325764617565267,-0.09901266761657183,1
102,0.17539048923525075,0.17192020899469895,1
103,-0.1460128564790036,-0.11339476976604566,0
104,-0.0602908739423729,-0.09818223692718707,1
105,-0.04134941414438203,-0.2044462049230024,0
106,0.07048517946407835,-0.03672097975303532,1
107,-0.005636182860086558,0.025175697483814832,1
108,0.023144193715187014,0.02443624383680967,1
109,0.19237179710396748,0.20468611161145434,1
110,-0.10773724120037582,0.12702694302331757,0
111,-0.04767732231534602,-0.09771861192032036,0
112,-0.07873620508733281,0.047990555788931424,0
113,-0.11743602806839407,-0.1092203593543738,0
114,0.008777843129015707,-0.004258588953090348,1
115,-0.21862024170571806,-0.14664279717207146,0
116,0.05557775984641338,-0.06098566145963367,0
117,-0.07544837503188552,0.12282756985312,0
118,-0.1370085159458374,0.2370541664545275,0
119,0.08638347680672004,-0.058894984962329644,0
120,-0.016147004680209177,-0.000487288755855797,1
121,0.22803709539480743,0.23932251665450047,1
122,-0.1059842555549172,0.06979342123308177,0
123,-0.13129063241959085,0.3445497491159599,0
124,0.07333451470287515,0.07107961366555511,1
125,0.03834070857675771,0.016815688158741206,0
126,0.1324122375547086,0.13384709493484537,1
127,-0.03765496421166277,0.12920188697861124,0
128,0.02785208175355547,-0.046645607830159475,0
129,-0.10887787537973592,-0.11347894964392691,0
130,0.1180678340493937,-0.12362469774398838,1
131,0.03024527305882493,0.01416551023145658,1
132,-0.18636074668229266,-0.1352984801454987,0
133,-0.15598032778972018,0.028069021860806277,0
134,-0.12260543634288452,-0.035238132945951885,0
135,-0.1403687039042563,0.3496094329166901,0
136,-0.08983006964065532,-0.03714869425311782,0
137,-0.1304245442393254,-0.08708648146899606,0
138,-0.057468185682772524,0.03774761673961627,1
139,-0.16156788462543117,-0.06280767659331335,0
140,0.2043507756980607,-0.1860651159273472,1
141,-0.01962825706199496,-0.025609413086502487,1
142,-0.13175631030344778,-0.10405088385936177,0
143,-0.2096499455045605,-0.1204033038607848,0
144,-0.14002291712794893,0.16854321454824076,0
145,0.0692566445684734,0.050171559265955845,1
146,-0.05734104141533061,0.12102110071114698,0
147,0.06652872140761072,-0.05453293345176396,1
148,-0.10329262913138651,0.10873827825397427,0
149,0.17585643342570095,-0.15533582007203672,1
150,-0.16112729307693643,0.07944730413196982,1
151,-0.07309448849904976,0.013029209697270706,0
152,0.17775060441999446,0.17985104645464867,1
153,0.14151259858671825,0.1338418569001626,1
154,-0.2564791778730816,-0.30805338539842214,1
155,0.1434218363683704,0.15357099558387635,1
156,-0.14804533775238446,0.15700762845870198,0
157,-0.4543441462057407,-0.19105295703059597,0
158,-0.13398820467032777,-0.0885289628743657,0
159,-0.007835578106684738,-0.06937523923257333,0
160,0.040678451565967944,-0.058807223679077696,0
161,-0.06021145239090464,0.015916318788593963,0
162,-0.1432457402321804,0.10812946777148502,0
163,-0.27599291591378694,-0.15198433279278176,0
164,0.19705617182058655,-0.19669287563218674,1
165,0.08753983302741725,-0.16773343787970688,1
166,0.19240224664197153,-0.2517816318445402,1
167,-1.6253650167286083e-05,-0.2493911379397052,1
168,-0.009154666780661147,-0.07273359834485559,0
169,0.1475706575312786,0.13398882552277552,1
170,0.04335682353564189,0.02286550428824241,1
171,-0.014913164698100856,-0.08097903252279494,0
172,-0.15472250167552454,-0.11979716340773738,0
173,-0.10889046880021924,0.022091613563026247,0
174,0.015784020554776512,-0.24779767844557812,1
175,-0.06447783965400544,0.13301372840786627,0
176,-0.08561067395854534,0.1931184223341144,0
177,-0.052524673792642855,-0.061043247313218224,1
178,-0.11194194037687266,0.034119199142976474,1
179,0.06357382416079756,0.05453732059037646,1
180,-0.144168863151693,0.004536295193130613,0
181,0.17760308316116707,0.16686967048046808,1
182,0.2078498581631518,0.23897133371650675,1
183,0.15567138782360074,0.17845410293444708,1
184,-0.06052704784921703,0.2777597511863826,0
185,0.04694086439340864,-0.24668800485199519,1
186,-3.194493103877427e-05,-0.0812763022688533,0
187,-0.06624572631997956,-0.08531064917555116,0
188,-0.16956463572022687,0.09108972021046016,0
189,-0.10793025221999303,0.011993682375209681,0
190,-0.2349358730004683,-0.13993235499437282,0
191,-0.1612081014338474,0.06392461024900595,0
192,-0.13825004275456174,0.22995086961218825,0
193,-0.053896247764287364,-0.08093376111763628,0
194,0.15737135144740244,-0.09128022801866507,1
195,0.04885298161399542,0.024639274266123935,1
196,0.18200471474981272,0.1750085322027705,1
197,-0.08182224427035356,-0.08922328125534437,0
198,0.12390859357282039,-0.10581452076855058,1
199,-0.0812080630970504,0.06856439278887565,1
200,-0.12171198784434244,0.18034703834107463,0
201,-0.08964032761249376,0.1154469553848263,0
202,0.20644545552767304,0.22606277475782832,1
203,0.04947876927214151,-0.03384782707331684,1
204,0.175237484973192,0.03638964236847782,1
205,0.14508012573641185,-0.3290339942633199,1
206,-0.10731389782974768,-0.10315917374263593,0
207,0.2048879420647075,-0.15963322792161727,1
208,-0.003100730842597943,-0.07505911520186775,0
209,0.08384065535864282,0.025545092293092632,1
210,0.019000424293775575,-0.05757977250214588,0
211,-0.0811987327652505,-0.08721295599967681,0
212,-0.05623356479357658,0.2169179957115981,0
213,0.15699526050614143,-0.16077112718140277,1
214,-0.17319735281935864,-0.11367004782974342,0
215,0.17821618609884493,0.1976299334646917,1
216,-0.055038560812851904,-0.06648709402692513,0
217,0.05855559313779775,0.06291045032520942,1
218,0.13336174164193088,0.13256261875957218,1
219,0.053172625753171866,-0.09182145747538394,1
220,-0.12937932119284823,0.11013895353585781,0
221,0.05217187416461427,-0.06667383067762642,0
222,0.1943440450228321,-0.20063418103151234,1
223,-0.12826640876755752,0.02223393059470489,0
224,-0.04396428058697158,-0.08548399955403814,0
225,-0.02166396481106352,-0.06631155923386059,0
226,0.1149503007783421,0.1303145147446275,1
227,-0.1832767488045703,0.1676947672663707,0
228,0.17423097016487277,0.17776667123263812,0
229,0.13865911531343786,0.14340887116230625,1
230,0.055870873804730194,0.014496917450032587,1
231,-0.06865835631497656,0.20911003603192585,0
232,0.05716866557157457,0.0906801029755135,1
233,0.0019590534069166554,0.011503334743380512,1
234,0.2644363890592043,0.3048729723113261,1
235,-0.12144469551568596,0.011666873188177407,0
236,0.19996063540614972,0.19443851103845877,1
237,0.1634470195091986,-0.08949750541527915,1
238,-0.11592279843281324,0.04703199073390253,0
239,-0.0033445278955312797,-0.07494594544842438,1
240,-0.027951021437398985,-0.05299124803461548,1
241,-0.02003068731378137,0.05934214170393153,0
242,0.0991136682818425,0.07333213565026174,0
243,0.08909302776155639,-0.04327735627415699,0
244,-0.18378708873712046,-0.13109142136558413,1
245,-0.09875623056567523,-0.08140513552237981,0
246,-0.0979093258273559,-0.08720020498877928,0
247,-0.14136062056917958,-0.09203967684011802,0
248,0.12599289143999393,0.13231314385254936,1
249,-0.06064320733207679,0.11457391613532036,1
250,-0.07663503145845872,-0.10568988555646296,1
251,0.104595911344865,-0.07544054647204922,1
252,0.29689279268649393,0.28946202758217854,1
253,-0.1658710362299058,-0.10772652182403666,1
254,0.02517835010553561,0.019152703383770276,1
255,-0.03887539456874972,-0.09601279732339768,0
256,0.272811163241722,0.07275628407295105,0
257,0.07630163497303595,-0.04294487348823786,0
258,0.03149829343559436,0.03756424298379777,1
259,0.22975003083414636,0.22568086059080691,1
260,0.08029053980650279,-0.006010118208662685,1
261,0.030207688294965607,-0.06758610688754206,0
262,0.1153596854135379,0.12466861830450993,0
263,-0.07549478806236055,-0.05726534002171271,0
264,-0.07641317873760722,-0.07836851872554924,0
265,-0.12634639703600675,0.23635170762427596,0
266,0.22641053318728155,0.25247071003390004,1
267,-0.12237208569047196,0.09608887188257084,0
268,-0.09308076947076897,0.1631668884161841,0
269,0.08593974662590767,0.09627768269601936,1
270,-0.07426918798993529,-0.07921632269932372,0
271,0.3909761909687836,-0.09906155433694104,1
272,-0.13038795970953468,0.07963025422165494,0
273,-0.25102825672907375,-0.1532181706927974,0
274,-0.1963525885995142,0.11572832978189773,1
275,-0.07782292725771693,0.21340586427919403,0
276,0.022622284116672955,0.013529862227367517,1
277,0.16135754809776245,-0.01635858614809207,0
278,0.15115778404585067,-0.24099758720863118,1
279,-0.06424123882202129,-0.09345811293316919,0
280,0.04436450947685622,-0.08275441309046899,1
281,-0.1291619012243422,0.09888942527076576,0
282,0.15731580583831645,0.16986073972551696,1
283,0.10269387108558684,0.05399095786887405,1
284,0.16500349957926,0.16434972635937828,1
285,-0.025171859621292304,-0.08002129159765417,0
286,-0.09003241580171194,-0.12250960321892009,1
287,0.2123718114410471,-0.16827267296424384,1
288,-0.06986130172434446,-0.08384585300999575,0
289,-0.29686903661876923,-0.17559732458630797,0
290,-0.10418491050364549,0.10576760656314912,0
291,-0.022548503031823788,-0.027703479097041628,1
292,-0.16562227372241345,0.20438790797348522,0
293,0.029260307316470183,-0.07326374872488117,0
294,-0.09889464662027725,0.030681408325418436,0
295,-0.08429262858104498,-0.09257646723946684,0
296,0.11833149836057114,0.10545897039065227,1
297,-0.24176943924105704,-0.15038497208180904,0
298,-0.16887001348102484,-0.1277150849184777,0
299,-0.06638599972813357,-0.09991017824896425,1
300,-0.18069333466532714,0.09753643211025786,0
301,-0.10537227255320346,0.11350613393027645,0
302,0.05265873746245245,0.03461653835991385,0
303,0.06640066001907508,0.05210909070320509,1
304,-0.21421404251367449,-0.1441904594052713,0
305,-0.11801182205256276,-0.10208759862462063,0
306,0.03501548029114792,0.022359344053156517,1
307,-0.10871640648459656,-0.10671639899446084,0
308,-0.08122708095703375,-0.11795301787384514,1
309,-0.09172710357936054,0.171033685119498,1
310,-0.04833763793205788,-0.07844205387261492,0
311,0.10941108968728544,0.12073712138645598,1
312,-0.16005460098069957,0.03482419779617203,0
313,0.09369933763046112,-0.02993034665959046,1
314,0.1573807047677705,0.17108144585766533,1
315,-0.1290045531094827,0.13481375214567368,0
316,0.12207702817126996,0.13160012656784176,1
317,-0.16121083423857888,0.003770957513286011,0
318,0.2995192146813761,-0.15108282778358584,1
319,0.012363979604400423,-0.12365392752077556,1
320,0.00594142994139637,0.0814882874604775,0
321,0.09458817640422079,0.08570706684001178,1
322,0.3419394081604948,-0.2313489660808804,1
323,0.22151740189700347,-0.29513438575181944,1
324,-0.10643652709937071,0.10046726555753722,0
325,-0.31892441868275695,-0.1726240409399798,0
326,-0.005434668774999762,-0.09389505372690066,1
327,0.04760317515022599,-0.055536377914576086,1
328,-0.1399988602004728,0.14628389054655233,0
329,-0.01917245244209922,-0.06670096602624068,1
330,0.07691215199319634,-0.3376195427553341,1
331,-0.12181315797083624,-0.1101254903223487,0
332,0.02996677742939713,0.02728581709028597,1
333,0.022845198918759448,0.15416843475219358,0
334,0.1821317133258742,-0.14853089641732606,1
335,-0.03443103378542487,-0.031286813157096714,1
336,-0.08989091039422038,0.24004610305674445,0
337,-0.12642631908434615,0.0036848624073044013,0
338,-0.04523418172551002,0.1128494585981065,0
339,0.0629300359135048,-0.054730909077862426,1
340,-0.14367114773680636,0.05337772619879031,0
341,-0.11800480293799889,-0.08116044073417533,0
342,0.1772875180283554,-0.15814763586895345,1
343,0.09699901234073856,-0.03967356688730426,1
344,0.059268510871399706,-0.21932945864161735,1
345,-0.056635081251075636,-0.10910772431848687,0
346,0.2451491384493512,-0.14420303655213992,1
347,0.08838455533174183,0.05164605471124514,1
348,-0.14127101943533424,0.08444390950958514,0
349,0.14136580885976904,0.13699935349181946,1
350,0.12492900789642306,-0.03695947939124389,1
351,-0.14455341032849864,0.19300852707145258,0
352,-0.09931394951474336,0.050906830543590326,0
353,0.10852832689148578,-0.25028474689252994,1
354,0.1535308479856881,-0.05490576330285472,1
355,-0.07412531245271203,0.20064741309408385,0
356,-0.04450183091822124,0.2329717580598092,0
357,-0.12288934608056508,0.25156255690613943,0
358,-0.00841630545854708,-0.019862298103031462,1
359,-0.18837138792983735,-0.13015118033501183,0
360,0.07782584842140045,0.06729653620409663,1
361,-0.11736682467533475,0.001211396840006973,0
362,-0.07735804112220235,0.08183411051970357,0
363,-0.1918809977836131,-0.14482635742954605,0
364,0.040867344076866256,0.04440145391445062,1
365,-0.09126767825529158,-0.022945566736315516,1
366,0.10366150972426813,0.11867586065089573,1
367,-0.1486115891453638,0.09348436399858014,0
368,-0.07108957081173232,0.021020872671918857,0
369,0.10879929262927504,0.13240235756260163,1
370,0.019632709736921685,-0.023314349573324566,1
371,0.046430127618131006,-0.14074995956641653,1
372,-0.16919731223384132,0.07087539157890714,0
373,-0.06006383126936574,0.012570856335320846,1
374,0.1250931982057757,0.1261286008734074,1
375,-0.26432592517505693,-0.15599251430003203,0
376,-0.09965194758869389,0.029013138652200954,0
377,0.1600586836298887,-0.31834715570061584,0
378,-0.18997979157874467,-0.12175009461632809,0
379,0.061847062168925854,0.04106431626972151,1
380,0.22791794566003507,0.23596970802683914,1
381,-0.10195357899482316,0.0967854420508534,0
382,0.2510598678095795,0.2723994494493927,1
383,-0.14078127271684157,-0.12978194212638502,0
384,-0.07197667155251185,-0.0957776026704879,0
385,0.09135571762581458,-0.038464912799287446,0
386,0.15102798893518843,0.17095097255484415,1
387,0.14322484335469174,0.15901974068370237,1
388,-0.16756067440107647,0.14643773909617705,0
389,-0.05904461897040772,-0.09438842121032424,0
390,0.07171890017468963,-0.28898342052428405,1
391,0.0945620839101151,-0.15966240621551644,1
392,-0.146414855371718,-0.2616108801740848,1
393,-0.12723683998654275,0.1443518162938196,0
394,0.2067007034131917,-0.20266366775759545,1
395,-0.16840902078586265,-0.11867659376401239,0
396,-0.06196776371769574,-0.1043267883444262,0
397,0.055472888421489,-0.23632810071672058,1
398,-0.11067875430452301,0.07398285340770687,0
399,0.14046186823617357,0.1467242052446315,1
400,-0.08482737539697396,0.11551663119650497,0
401,-0.04180492774776848,-0.04371907617660398,1
402,-0.062372545105816246,-0.10420663640932509,1
403,-0.03653681481115385,-0.09068446105051609,0
404,-0.09711318355443986,0.05851021627813513,0
405,-0.10491509318864489,0.18288841806481393,0
406,-0.14214010343988845,0.150034729559084,0
407,-0.07802384651889087,0.1543530598268054,0
408,-0.038683583994353024,-0.013738269730621578,0
409,0.06344438984532108,-0.07617949228514992,1
410,0.03295446131811432,-0.10033984247875183,1
411,-0.2732777910832684,-0.13756826809142936,0
412,0.09905125663571807,-0.09707771989840357,1
413,0.07256317857661267,0.05420373530562769,1
414,0.3547011321336515,-0.24524549056930836,1
415,-0.04069217932065444,0.07780493402488564,0
416,-0.09902196850450772,0.1788569247529785,0
417,-0.13079246097547537,-0.10614688267972938,0
418,0.04796539685238376,-0.02387341441796034,1
419,-0.14125148941689458,-0.020842254058620224,1
420,0.17931969222404184,0.19542968684295872,1
421,-0.17182490426346592,-0.12900485892705793,0
422,0.11957967244335502,-0.03326989307319863,0
423,-0.09395025878168853,-0.10567684224389802,0
424,-0.08684736982130625,-0.07720245152446695,0
425,0.1100908770758487,-0.07871887642153681,1
426,-0.10079495473052945,-0.12711230978053828,1
427,0.09128890585687366,0.08415544210757203,1
428,-0.05869700123450627,-0.07839281478609479,0
429,-0.0049187993310048535,-0.013468763372920379,1
430,0.11217297671015616,-0.008257632055136922,1
431,-0.06757855690758995,-0.04234334443075032,0
432,0.18037834712021736,-0.05552534576262892,1
433,0.36809447623825353,-0.08237998649296394,1
434,-0.08606723524863587,0.1279825601305368,0
435,-0.07707961129523666,-0.08568214386177671,0
436,0.09720723015337207,-0.04362747510814894,1
437,-0.015758389446328746,-0.02842198936735041,1
438,-0.0888331509731376,-0.1059182467067939,0
439,-0.20305789087947465,-0.130593923917099,0
440,0.030034781518771994,-0.06447460294687367,0
441,-0.1774299626678388,-0.11890122370480644,0
442,0.1547818853690373,0.15281307620150852,1
443,0.07825494398823461,-0.025457052046144846,1
444,0.011493125818958096,-0.042624557298219345,1
445,-0.03382914816780112,0.019908168887326095,1
446,0.2292819442555727,0.2261471207219914,1
447,0.13821820714379293,0.1432188421106897,1
448,-0.05625211104857537,0.12184474142610394,0
449,0.08047506208359817,0.05555201780060057,1
450,-0.09950205485392677,-0.18526148296236233,1
451,0.034864462251471155,0.01759147731423152,1
452,-0.04336200852510819,0.2426086223343183,1
453,-0.007946419359601997,-0.07142213961006279,0
454,-0.13015151441715245,0.07114506479459665,0
455,-0.2214392778075437,-0.14374853910534288,0
456,-0.12469570718594879,0.19191488524234057,1
457,0.10524405390063447,-0.1007994980017128,1
458,0.01553743273094248,-0.06766077448014211,0
459,0.19383879722964834,0.04209967428473269,0
460,-0.17468448784157165,-0.12360304586075088,0
461,-0.10247116694844208,0.15501794730317045,0
462,-0.09713437735309119,0.10282672539291132,0
463,0.15687551786094783,0.15740241559025614,1
464,-0.3354092668749927,-0.15899880657528304,0
465,-0.027950810507396985,-0.041582218012016336,1
466,-0.04727448747301615,-0.05904987548964061,1
467,-0.12161075970278053,0.0381994095993214,0
468,-0.28865850342126315,-0.17732976394026762,0
469,0.14269349601674106,-0.17378762909370266,1
470,0.1017292926796364,0.08654491771572351,1
471,0.13166598681276287,0.1307456341390899,1
472,0.3633431430357341,-0.25521845472862204,1
473,-0.03214694779648865,0.10067800358230908,0
474,0.23418848371002998,0.002133986266787358,1
475,-0.002596611477544331,-0.09844308956287834,1
476,0.20336452879154676,-0.29574409509433036,1
477,-0.01653815500785203,-0.06776840439056678,0
478,0.009212541726093182,-0.06980816575632365,0
479,-0.03168460095535835,-0.06261640958493697,0
480,-0.09613896346388333,-0.11871319279200093,0
481,0.004984635420643757,-0.05817605239936026,0
482,0.08688903515101538,-0.2128174176549063,1
483,0.09758676830026507,0.11236634749509328,1
484,0.10816665017061483,-0.18818181935299083,1
485,0.07230743830960115,0.03794267443970128,1
486,0.22144115153153196,0.2234279220234308,1
487,-0.045863464576537095,-0.08386502806484897,1
488,-0.13262625529456812,0.007330998429542635,1
489,-0.052005287592948014,0.05697455537949619,0
490,-0.2988099355961655,-0.14899043056225567,0
491,0.05870323573930554,0.05753475355407579,1
492,0.18196632146128655,-0.25244023897136075,1
493,0.0717600564681389,0.042728212029420724,1
494,0.0836443997797199,0.09252983008434926,1
495,-0.19878947646395456,-0.13166734148825288,0
496,0.0656203460639147,0.0809791827366459,1
497,0.10084934116845586,0.119560199574492,1
498,-0.07841139219879595,-0.09776252981677452,1
499,0.04586109877485255,-0.15304852488921095,1
500,-0.22719206589572713,-0.11680189664282417,0
501,-0.0747560845179044,-0.06479636736717483,0
502,0.14647559808343213,0.007586390749948291,1
503,-0.08257548847269483,-0.04123815313790924,1
504,-0.06236297928527773,0.10795238209550095,0
505,-0.01979839809409525,0.04216136113137175,1
506,-0.09565415209577711,0.175993299465711,0
507,-0.1692784617661195,0.14161803943277035,0
508,0.27793418757053007,0.10118667498926492,1
509,0.09260788174750423,-0.18965592465856462,1
510,-0.13259665495692038,-0.11496832615133007,0
511,0.17320567871241188,-0.2214177477137621,1
512,-0.0730491359869071,0.00897430030335411,0
513,0.22304912983992697,-0.22871482146382,1
514,-0.014555595292141378,-0.06873183844884341,0
515,-0.0011410863665942017,-0.08858805392772776,1
516,-0.27729944286945524,-0.14032140220997635,0
517,-0.02228422146739173,-0.0818068344422057,0
518,0.11711528318259666,-0.20016992284508284,1
519,-0.11526563783249864,-0.10922197173574198,0
520,-0.1093262105227425,-0.1190870811301959,1
521,-0.06962160784329802,-0.10281635308273765,0
522,0.23996358892243724,0.24854778638987282,1
523,-0.09296958469712564,0.024438526100989268,0
524,0.17141532763870357,-0.07848690784083721,1
525,-0.03524278639631614,-0.08822709181423706,0
526,0.04789623515248629,-0.048464457725357804,1
527,-0.05344617490933036,-0.09297555466900562,0
528,-0.16732288254582045,0.1544241917668347,0
529,0.2140679667262039,-0.24436519574073512,1
530,-0.09805954084512358,0.059417325450052544,0
531,-0.02501651498143125,-0.03444989914436412,1
532,-5.635373644501396e-05,-0.15024681124877534,1
533,-0.09914380184957666,0.05315543850778757,0
534,-0.08234067531806702,0.172877155685024,0
535,-0.07755833690612139,-0.11898604340363961,0
536,-0.10225194269056465,0.07752711660053857,0
537,0.04623117213912904,0.07218583300774957,1
538,-0.2741315774523594,-0.1445920951355197,0
539,0.09564829336371072,0.10998753316997315,1
540,0.31485503966939477,-0.2596591829892625,1
541,-0.07408752776060394,0.01857344009500458,0
542,0.11964323096922114,-0.07902993435634789,1
543,-0.013570934077138297,-0.07704960698569052,0
544,-0.006958647894233594,-0.07571035274440438,1
545,-0.021034186523725053,-0.08019847349978486,0
546,-0.12217076521647444,0.1844323137805693,0
547,0.019412698333767266,-0.0011065599669994874,1
548,0.07803506737169244,0.0881629766708249,1
549,0.3567286296161686,-0.20622910162563382,1
550,-0.0759203083570571,-0.12231941283978026,1
551,-0.06845494759333758,0.041593525569939255,0
552,0.027009851469374936,-0.05842675265498494,0
553,0.13759059570330595,0.011380404706336167,1
554,-0.1486960886656061,-0.11512900312730799,0
555,0.0876850923225378,-0.3351681324941178,1
556,0.24849824490713623,-0.1579369967798605,1
557,-0.12472171113368978,0.1893266945834499,0
558,-0.21954019484230433,-0.13413931363903184,0
559,-0.04580947335265904,-0.09044359083653031,0
560,-0.047955345809911225,-0.004083868544248337,0
561,0.0925073886893076,-0.043610337989743925,1
562,0.04616800700873737,-0.24766317973342603,1
563,-0.036086881336223654,0.055530810443654155,1
564,0.0038352204069823648,0.006544245839929453,1
565,0.21894231949987386,-0.20758252645579037,1
566,-0.07805385472252376,0.06437610484147238,0
567,-0.1278715331086755,-0.11759831417591932,0
568,0.13703972428747702,0.0019831868543658928,1
569,-0.23789961093841905,-0.14494124619765222,0
570,0.08532961815345175,0.11318755764578428,1
571,-0.10569853778684811,-0.041295951406582744,1
572,0.020461155350294205,0.034844743199086814,1
573,-0.15397899149568986,-0.124750884748395,0
574,-0.10411025087047472,-0.10151792135118871,0
575,-0.04298474226124374,-0.049909653798433797,1
576,0.04123015024539916,0.023933583728152255,1
577,-0.05603828863589755,0.27721187837405037,0
578,-0.005571499809869929,-0.00860134454482846,1
579,-0.09462583813687792,0.09815184317762554,0
580,-0.13615338012666853,-0.11743679415273718,0
581,-0.2967792769263669,-0.15254379908337962,0
582,0.008048296288373747,0.00030547862346649304,1
583,0.16590481160212844,-0.027220548046858042,1
584,0.12133734875309549,-0.09219133704571894,1
585,-0.07716837582725289,-0.09826495673138834,0
586,0.3204801744128233,0.06603828635905033,1
587,-0.07194211996982298,0.15292998669533933,0
588,-0.09396906335472069,0.08869521904343976,0
589,0.15972814392249188,-0.13186137219992772,1
590,-0.09116519713218493,0.12242701016789118,0
591,0.041251025190437156,-0.053495006412359075,0
592,0.11686485415245339,-0.1297412696117199,1
593,0.19611770946468798,0.04194294736911304,1
594,-0.2847456832842845,-0.14504483229659257,0
595,0.09254213345020133,-0.046048713364393645,0
596,0.11878818825121905,0.1259574683548552,1
597,-0.13580618573630546,0.05028902813014561,0
598,-0.14068703035145277,-0.10185312142426045,0
599,0.06646940307329045,0.07265549363642312,1
600,0.11053134197924255,0.12111713986411517,1
601,0.2554231786012377,0.26171009116945293,1
602,-0.13505330362092402,-0.10328860863319583,0
603,0.08972031342881256,0.09358775393824063,1
604,-0.11338906253518313,-0.08336241252841264,0
605,0.16143904868931436,0.15732138784743938,1
606,-0.2756305505281615,-0.1630770836213858,0
607,-0.11222112287443312,0.03235416932319657,0
608,-0.1742478720369258,-0.13941596748562343,1
609,0.105944863351561,0.11411652716579707,1
610,-0.026328859627829215,0.0487188662287973,0
611,-0.027245149727803453,-0.05700338851266587,1
612,-0.30058804312860676,-0.15596477515544055,0
613,0.06835650846483708,0.10395947858326747,1
614,0.09906596212461923,-0.2567271628340319,1
615,0.06955191666160299,-0.0571308281951504,0
616,-0.1613671003191303,-0.12212911731240941,0
617,-0.26211340231214936,-0.1454528256741615,0
618,0.2766124736326394,0.31751883727085284,1
619,-0.06947894496050705,-0.08662835692355216,0
620,-0.08219286979264323,-0.09300204987578736,0
621,0.09855215928773686,-0.07372932280203962,1
622,-0.02479500308185341,-0.021927612226644567,1
623,-0.07594328147634102,-0.08639258804342309,0
624,0.05956447199701553,-0.14592268676806125,1
625,0.04699633783207091,-0.07322671943216712,1
626,-0.04194248671760135,-0.07365003859345558,1
627,0.4020261576429226,-0.1582143405025458,1
628,-0.21118798488507912,-0.13555888985183592,0
629,-0.1253544635788054,0.06784288707229451,0
630,-0.10696565175358984,0.2204039619679959,0
631,0.11811809723318266,0.12484471605293153,1
632,0.14795487973670615,0.08097968402111905,1
633,0.20908510565090901,-0.08794998254506754,1
634,-0.1640244544546492,0.17887599384031228,0
635,0.03433413195630981,-0.0446280379419452,0
636,0.15849059248147485,-0.16073178230449003,1
637,0.12040470153973544,0.1094453079808394,1
638,-0.06568270671442493,-0.09114803239967939,1
639,0.12467003077679449,0.14212361786618546,1
640,0.048178660222335426,-0.03191678533720196,1
641,-0.051432227597043356,0.04376732173566172,0
642,0.0048393455658290565,-0.07497425267320788,0
643,0.10474848470309324,0.10198391116840505,1
644,-0.04357973824992354,-0.08122703508379353,0
645,0.28280275304583435,-0.0702824928781556,1
646,-0.05836238223252757,0.26169036158776837,0
647,-0.006760796056650875,0.002098191690910778,1
648,-0.1462676244215366,0.25241482018294503,0
649,-0.11610356099015724,0.15692747980801652,0
650,-0.09817030263711463,-0.09437775284080624,0
651,-0.13244107752638407,-0.11669030167609262,0
652,0.003654153022841422,-0.00039023747910411634,1
653,-0.03905627908488736,-0.061826031710433174,1
654,-0.06038830298460569,-0.0669718157423973,1
655,-0.25769544613764583,-0.1439675315839857,0
656,-0.3150324805594259,-0.15800206750222312,0
657,0.03672858652898016,-0.10180034741502467,1
658,0.0640384397608581,0.029692653708695428,1
659,-0.07394710971056495,0.1380087288713325,0
660,-0.14347088052009524,0.06473060079608642,0
661,-0.08709609446138056,0.11977038971988485,0
662,0.15144232036777394,0.14944670137131508,1
663,-0.17425938962550674,-0.12012260653662495,0
664,-0.07487373530350216,0.06367948715818811,0
665,0.02848104923127326,-0.004239935724715704,1
666,0.18498240195916443,0.2123128660138793,1
667,0.06838255304835464,-0.19163559233034114,1
668,-0.06050826944619373,0.1889302936200123,0
669,-0.06718681998852852,0.08748945673729898,1
670,-0.029130272953519235,-0.07264318349971814,0
671,-0.1556594168854173,0.05907109268195759,0
672,-0.12161917432808639,0.1784576890048764,0
673,-0.15317369114649504,0.058924819027004596,0
674,-0.09882919796466702,0.0006393905009951517,0
675,0.09346565537565606,-0.05095199962835615,0
676,-0.07061166482076024,-0.0835428040715758,0
677,-0.05235422096836391,0.06841823479173784,0
678,-0.07721300672997755,0.31667052280784325,0
679,-0.06653597477124393,-0.08874726582067208,0
680,-0.2436364680561467,-0.13231591647033517,0
681,-0.038009214647575056,-0.35678834666568743,1
682,0.13100751863130045,0.05393541147194907,1
683,-0.006355727281196044,-0.09090108775835415,1
684,0.027396389098576935,-0.2626862879673275,1
685,0.019519178363021285,-0.06627588596821672,0
686,0.20883745134651194,-0.2936815420847739,1
687,-0.018840753825423762,0.0013343664075324835,1
688,-0.09258860732541112,0.11014977924697456,0
689,-0.0698644315223675,-0.12020692337063901,1
690,0.09273783970585875,-0.04395719598485083,1
691,0.07402418386342273,-0.15105128948265814,1
692,-0.033698764825019656,-0.0389219590892715,1
693,-0.1122258809263508,0.165199039498058,1
694,-0.11525690243282415,0.06533117470805619,0
695,0.0961774366183153,0.10483525417087797,1
696,0.002495343464297717,0.009398991505945543,0
697,0.08266262787930695,-0.11592151378234586,0
698,0.12061401472109812,0.11659080801227227,1
699,-0.0853323465031464,0.08272140806918153,0
700,0.05799513149819962,0.05764839071059979,1
701,0.26591381309614875,-0.21955638933674193,1
702,0.17903102823286063,0.20451341884472446,1
703,0.2603800049919604,-0.25554274637271907,1
704,0.253803391016212,-0.1584227278912873,1
705,-0.1048346906991923,0.05457421224256729,0
706,-0.13168334422230057,-0.11709081889648393,0
707,-0.20465079547818746,-0.1356509229148807,0
708,0.07055903147395506,0.07287481025759378,1
709,0.13878666937372566,0.1296163664195997,1
710,0.0983909732667214,-0.12285174062490174,1
711,-0.10150845393146357,0.09001363656211847,0
712,-0.08789985022011264,-0.017766339601143554,0
713,-0.12373528463430548,0.030463008401246827,0
714,-0.1278945453233077,-0.13084757210113962,0
715,0.07497508161575198,0.07324277845527631,1
716,0.3291478484544469,-0.21592466634586113,1
717,0.06860835334900095,-0.06355005034267469,0
718,-0.10340172078912283,0.26945796120404014,0
719,0.07213729411115498,-0.1890582617130766,1
720,0.1342681521175686,0.12266595105731695,1
721,-0.0012814400561458107,-0.0017795777638104139,1
722,0.24003723701465685,0.2596140102451955,1
723,-0.166891959275415,0.07414005456969795,0
724,-0.09306014814648074,0.09790010818077349,0
725,-0.10939316474730108,-0.11047079168408083,0
726,-0.12794045522772896,0.06985298372050211,0
727,0.10453063757400652,0.12984108093033822,1
728,0.08977816886782959,0.08212233027167655,1
729,0.03653690202407842,0.023361234609097982,0
730,-0.050758807519509924,-0.09573695438811128,0
731,0.023606829545947575,-0.07630621702141856,0
732,-0.18373382189576454,0.12124281290907604,0
733,0.1205831558837835,0.1182598806358603,1
734,-0.10283122126466798,0.2674700872557879,0
735,0.047240664412522365,0.05508509886724762,1
736,0.19872554558413905,0.21926291448710195,1
737,-0.121837498228853,0.13381872444829937,0
738,-0.0876195101383144,-0.08570716297806176,0
739,0.16677503754218048,0.17817163927762295,1
740,0.30784963419311845,-0.23504789082313501,1
741,0.04375500188313757,0.03140655814790092,1
742,-0.034096125395757425,-0.06398791883836123,0
743,-0.1095660033413082,0.23272730913650613,0
744,-0.07484998094762454,-0.07789781207274228,0
745,0.007339803459455796,-0.05307688800811135,0
746,0.3012567125723228,-0.16234816286369025,1
747,0.05836507244841972,0.04350330753693491,1
748,0.06934252099892235,0.059326552703912544,1
749,-0.0184854941390179,-0.0556253535849831,1
750,0.012913060213039186,0.006188218041010985,1
751,0.2196376347720732,-0.0928102496407778,0
752,0.0730380174795348,-0.2235464588022693,1
753,0.194436988363602,0.2241449227530398,0
754,0.1944044527229628,0.2018603478766064,1
755,0.009842593001222123,-0.10461389620026276,1
756,0.08556147409989134,0.07661140866194723,1
757,0.25460051894307834,-0.38369292116781545,1
758,-0.0844179314270713,0.08382534416414851,1
759,-0.1656971597691111,0.021955842168030617,0
760,-0.10507347049207633,0.1369049825920161,1
761,-0.21444820717265156,-0.14459931160591005,0
762,-0.1549084399085856,-0.102140546535096,0
763,0.2351653913716945,-0.076980030611878,1
764,-0.1286880344321891,-0.10069072033973694,0
765,-0.15900074025871744,0.12435736187710687,0
766,-0.11984947678381822,-0.10888258498122923,0
767,0.2610333716306882,-0.008808184094672633,0
768,0.0943066183242395,0.09249723848913408,1
769,0.13660064801675187,0.15514213538883573,1
770,0.15603897675405137,-0.11098557601422138,1
771,0.14868064281706175,-0.2219531206398406,1
772,-0.19176858129246652,-0.14806371982631977,0
773,-0.04520624387252025,0.23035723177569462,0
774,0.01019085294677704,0.008488708859308204,1
775,-0.09232899317533712,0.08073818902267765,0
776,-0.1297109087961185,0.07802238970501241,0
777,0.13925216537085736,0.1465105247831678,1
778,0.1951445989012588,0.2142482080895392,1
779,0.08178466379900913,-0.04459742545805237,0
780,0.07199651652563296,0.048149348638137426,1
781,-0.14375801371069905,-0.12415751237529392,0
782,0.0842904484478896,-0.16672133945493137,1
783,0.17040955631825483,0.008956707891698713,1
784,-0.13761159416005567,-0.10021444410674024,0
785,-0.10146192531014663,-0.10768256274074689,0
786,-0.2123506523710626,-0.132338835488601,0
787,-0.4154350476173738,-0.19136032020629865,0
788,0.08869246699267097,-0.04042782724511623,0
789,0.06225966943064716,-0.1175446763043989,1
790,0.14832276628473595,-0.018410760141422355,1
791,-0.18338343158219017,-0.12846739789186407,0
792,-0.0717452483022161,0.10153624831774628,0
793,-0.08710532224117457,0.06265738977505261,0
794,0.08358428531921708,-0.041921964260613634,0
795,-0.0721329856689106,-0.09372542137471492,0
796,0.09948468761971599,0.08058801656219651,1
797,-0.10323973494662378,0.2089234088469458,0
798,-0.18248834546473003,0.007047232232287992,0
799,-0.10113083277403914,0.1008989656028721,1
800,-0.08279241094896923,-0.01737710848240388,1
801,0.22754853101338562,0.23605198391311097,1
802,0.0003777336943850296,-0.01449202328057424,1
803,-0.0698109670544743,0.12034846262203468,0
804,0.16486536654045475,0.17727795124005882,1
805,0.09016613294120901,0.1142898079994204,0
806,-0.2017564596559913,-0.12191947867205628,0
807,0.009076439117403945,-0.15553014671726298,1
808,0.3414536417493895,-0.08409429992917462,1
809,0.18392380079403248,0.21744277323450603,1
810,0.14919016760755982,-0.051433844074632695,1
811,0.07769406474576973,-0.14412313024321363,1
812,0.30194033823187755,-0.1342603525260241,1
813,-0.07296703923558974,0.07334837224118938,0
814,-0.18022906624445567,-0.1978661733269879,1
815,-0.207613637270418,-0.12395129275174435,0
816,0.3051355877230674,0.2996371707976608,1
817,-0.11852345613925466,0.15943033637751083,0
818,-0.14097747648772313,0.054479845142617195,0
819,0.06800564498056094,-0.373454077484963,1
820,0.02601878091085391,-0.2343720874594805,1
821,-0.140871891287989,-0.11551279037873093,0
822,-0.21573366436865904,-0.13037907821198227,0
823,0.31447086774034844,-0.08236662112729325,0
824,-0.14820284518751675,0.16101162916096703,0
825,-0.03970717841937942,-0.07539570561409309,0
826,0.007711125122009355,-0.06617528334999462,0
827,-0.4444491000732856,-0.22605969547296878,0
828,-0.027001271429034614,0.14026362922740665,1
829,-0.12386035164715854,0.04335889659327779,0
830,0.17558006936106954,0.17636530721621924,1
831,-0.012042767448949943,-0.12014832474554545,1
832,0.006647515848329056,-0.017104771805273835,1
833,-0.05331882155102999,0.24721381795650235,0
834,-0.013254005687327864,-0.032916768300192634,1
835,-0.16199988826315415,-0.1110983183953699,0
836,-0.23616623632981898,-0.13015216609911653,0
837,-0.11216761941336245,-0.04265985998388962,0
838,-0.13939645633088782,0.13192268070909297,0
839,0.04026609929231304,-0.05528594501474853,0
840,0.16658266143889092,0.18096300601178636,1
841,0.13887766166096677,-0.11002045438818456,1
842,0.06127217277757986,-0.06801309177001913,1
843,-0.13668944291176485,0.07481502962814553,0
844,-0.2619426760706813,-0.1473127192974554,0
845,-0.12043047979056057,-0.10454408996443104,0
846,-0.11494366565751948,-0.11473884598157605,0
847,-0.023542304735973497,-0.07730854561081432,0
848,0.05445669500931893,0.07668533812999104,1
849,-0.1060016986006763,0.1291980527776142,0
850,0.07273596532690489,0.07664847358707816,1
851,-0.184676789521664,-0.1251034639816048,0
852,-0.32135632091182526,-0.1771334255396281,0
853,0.1336679540558438,0.04425569438501103,1
854,-0.09078600962478693,-0.10725883038097368,0
855,-0.201991517602443,-0.12600487365774068,0
856,-0.014632968510417,-0.030557002846242545,1
857,0.15613520200671102,0.1760393564732509,0
858,0.20493867747781824,0.24369704797733716,1
859,-0.1812984574270664,-0.10403365359655897,1
860,-0.05365593046997368,-0.09692678597322188,0
861,-0.07305862757590172,-0.09123187740562744,1
862,-0.08547496777497886,0.16937240909885343,0
863,0.058060036186543984,0.05461586103856362,1
864,0.31929201283102615,-0.04399352991565017,1
865,0.12525390788538343,-0.04464410119944634,0
866,-0.005760439851033561,-0.0011393872365077274,1
867,-0.10177461826797599,0.11263824718971083,0
868,0.09758007245747578,-0.174194610339179,0
869,0.14983087107947718,-0.1576788468079764,1
870,-0.09009215629923872,0.01730918596544392,0
871,0.24744994810336163,-0.027610741512177107,1
872,0.34938035430016084,-0.2921918920907519,1
873,0.13758172069450378,0.14584187649407943,1
874,0.03321924033442427,0.017858796422695167,1
875,0.05731201994134125,0.053405284635358624,1
876,-0.15278552625781386,0.0892260782665279,0
877,-0.10399737326898806,-0.10430293662642778,1
878,0.012509942340976033,-0.02080063586311456,1
879,0.3379047234342914,0.39095943598416005,1
880,-0.03150753482939683,-0.05278954930824434,1
881,-0.14798659253329902,0.11881887798176693,0
882,-0.1383628996760778,-0.08271900056374717,0
883,-0.07058088839100307,-0.08555017740080605,0
884,0.1618385718675,0.16136023136488956,1
885,0.08873852174650598,0.10631536450023034,1
886,-0.18795667331465804,-0.11178699033164695,0
887,-0.055912921964665255,-0.09346988191205464,0
888,-0.23348396184351183,-0.13741951094811788,0
889,0.22185405765642457,-0.2634627352219431,1
890,0.04595052715344168,-0.14423809407933738,1
891,-0.2271846693084839,-0.11624407588324222,0
892,-0.09125762202811044,-0.0271203156113093,0
893,0.025161795502522778,-0.07571761736279677,0
894,-0.07482773670165725,-0.11317838089400588,0
895,0.14621309707452945,0.1533758021292879,1
896,-0.07608113920067457,-0.0896465313826428,0
897,0.15454897804999157,0.16870915980140377,1
898,0.16304696314350903,0.16671217133611807,1
899,0.04094128116050388,-0.0066366116860519415,1
900,-0.11958989416715045,0.04002597669054947,0
901,-0.14500960205707164,-0.11486789198769512,0
902,-0.05028377677837033,-0.07628656834401477,1
903,-0.09509918782436594,0.06394986288784439,0
904,-0.20503206288359166,-0.12694706675809467,0
905,-0.13235679533164232,-0.10504775967041216,0
906,-0.018420363934757922,0.07080096618459529,1
907,-0.15198776624767635,-0.026269143137036034,0
908,-0.13687913618115669,0.12871515794887664,0
909,0.06871950927776603,0.07929448544192359,1
910,-0.0720212568259998,-0.0630029436682555,1
911,-0.05979562913162249,-0.0962274342373078,1
912,-0.1865553475313235,0.1610011277341312,0
913,0.2580508740234941,-0.25362538843606286,1
914,0.0647783297877561,-0.2535541041091896,1
915,-0.09738784762159361,0.07188802604476552,0
916,0.17226187395683004,-0.11794116151775169,1
917,0.1332884741982574,-0.12859459633104575,1
918,-0.18256463596674743,0.20264629258709396,0
919,-0.06365245370389123,-0.08098362555279283,0
920,0.08502478632265882,-0.05225496420344059,0
921,-0.13326992427612158,-0.08060587356150505,0
922,-0.14936442849361434,0.20791231625420786,0
923,-0.2297937026775677,-0.001187157387991411,1
924,0.11646170857754,0.10204378677316626,1
925,-0.16463199944173787,0.0689049099266055,0
926,-0.10146243331134899,0.16531487277799117,0
927,-0.1022047838034078,0.055429173967419754,0
928,-0.05022393485741147,0.15302245310611662,0
929,-0.04759184618952981,-0.09209231265102658,0
930,0.13118662187687985,0.10882865067804395,1
931,-0.0968244670275988,-0.12023705605194471,1
932,-0.13540997699217797,-0.10659009365948707,0
933,-0.22340486030195603,-0.1230315381399268,0
934,-0.07665514904033897,0.047568782016874006,0
935,-0.015269260612583536,-0.1377025180063815,0
936,-0.08802060713154546,-0.006925190386616631,0
937,-0.061378470964016975,-0.09323991906851192,0
938,0.11009468548085939,0.1090339402642999,1
939,0.2542435605417087,-0.24226148514909598,1
940,0.06923481231694982,0.07017960277843081,1
941,-0.12103046383610166,0.15091161528260724,0
942,-0.10741850083446343,0.2105651260751548,1
943,0.10697521708197442,0.10608162304600832,0
944,-0.27471039186784224,-0.1580833805395138,0
945,0.05758825003010102,0.045818142572211985,1
946,0.27865335763491095,-0.1906461693594084,1
947,-0.05796561835303944,0.04985723564020425,0
948,0.1679410842374642,0.10537123338454109,1
949,-0.16659095702215798,-0.12917826531019713,0
950,0.01579204863181918,-0.05690306908170069,1
951,-0.010167729153752858,-0.06671003851562324,0
952,0.08990672670811087,0.07269340172499275,1
953,0.1629415718080728,0.16595667537633885,1
954,-0.04611924061372277,0.17614264347864694,0
955,-0.15563386442675387,-0.08654492119606938,0
956,-0.09957144739624235,-0.13486057786201086,1
957,0.20458611514505926,-0.1901582610640945,1
958,0.11324962600043707,0.11242204452194456,1
959,-0.02168255019697405,-0.011312803812045892,1
960,-0.09285342175573674,-0.04563866158427665,0
961,0.016968144556349297,-0.09305987929121096,1
962,-0.014495715285406519,-0.0784814884032637,0
963,-0.09460259180291347,0.2029842299340718,0
964,0.33580271605704853,0.05357467015899797,1
965,-0.10676394487710172,-0.10554373616464363,0
966,0.116400969213587,0.11676376003779546,1
967,-0.19384095930622933,-0.184205777971007,1
968,0.08799903178158663,0.08535536098874731,1
969,0.03602210979505417,0.030177419734731693,1
970,0.2785313625762097,-0.17406937082827761,1
971,0.2822231160921165,0.3040277924533615,1
972,0.14847158680393896,0.1596197715599466,1
973,0.03550689615187421,-0.08935384874531753,1
974,-0.13456648338110608,0.15322974849918808,0
975,0.10097622736406522,-0.18418833960111414,1
976,0.09358282675327208,-0.08134587798381053,1
977,0.0816093634383221,0.07338944044251898,1
978,-0.11315988190117371,0.030954487083748053,0
979,0.03505064567410673,0.05163280390004951,1
980,-0.19292554163582498,0.0771869758871693,0
981,-0.13481639947181323,0.061980273030334,0
982,-0.1590175634008812,-0.010126746328592541,0
983,0.012748745124511997,0.0726445934259421,1
984,0.04324230215552316,-0.07390693830831785,1
985,0.1388979244509299,0.030996695419804876,1
986,0.11586539067255722,0.007646492932934779,1
987,-0.10439073153124673,0.21337116000610845,0
988,0.1725745885785767,0.17296554491356508,1
989,-0.14963622975156637,0.10379108198670609,0
990,0.2568945687726421,0.26737824333072696,1
991,0.10932909760153181,-0.06110475717124304,1
992,0.02064373656845747,0.011721617553663244,1
993,-0.3645251695973163,-0.17064441730989893,0
994,0.20409585076077016,-0.09417224077251535,1
995,0.3307488801548976,0.03972022089783254,1
996,-0.1474413977582367,0.044510551156718516,1
997,0.16256637636225135,0.15989944863476285,1
998,0.02870890347034585,-0.025932050229787607,1
999,0.015321006853468312,0.027121268960570856,1
