V1,V2,y
-0.4821885386448417,0.6914177005330597,1
0.2690605298321649,-0.5763166019988226,0
-0.9369548006716171,0.13376170243176633,0
0.22276821683215653,0.000381183774784688,0
0.8834057782469316,-0.49850379796315014,0
0.9358422128367636,-0.10775603360047858,0
-0.5495129848816986,-0.812709768294823,0
0.7976489222569045,-0.014127714391988677,0
0.3483617406860977,0.3424029546015137,1
-0.08024217037240922,0.19838477693493384,1
0.4443112071852031,-0.4259723035968217,0
0.18216637249863532,0.5248663694423168,1
0.020310720741157917,-0.7445896705207016,0
-0.534049480213558,0.5004198186736675,1
-0.8764747254474647,-0.9182007881663681,0
-0.045766229446833506,-0.5945460010556394,0
-0.579482299044443,0.9618550427871586,1
0.5770364917863631,0.7840255644217065,1
-0.6410011025649949,0.403122146244292,0
0.03098341866604648,0.9753613170605278,1
-0.9604746605872887,-0.6353655019981495,0
0.43477690713706507,0.853417225307415,1
-0.9314860593376404,-0.18006473883758356,0
0.8318053908956353,0.9481986200591443,1
0.37793210362061314,-0.9140717972455659,0
-0.8390628551940946,-0.15314309206055787,0
-0.6755438402714,0.9131742489574164,1
-0.11238620414780187,0.25506327496773706,1
0.8172783737450868,-0.1468890242509615,0
0.0658040456252964,-0.7992609481121458,0
0.12997673828402334,-0.8709555975268632,0
0.9108030003119412,0.37004136303217283,0
0.2630788059306495,0.20002506087979555,1
0.54598869255681,0.06206655103442338,0
0.2377381417120248,0.3697712949938703,1
0.12061587152162057,0.5972285072681429,1
0.4476341358868845,-0.43620799973962465,0
-0.9526990817658796,0.9801713792748705,1
-0.8462127285513938,0.04765841302872387,0
0.5138253361069873,-0.22472969234632711,0
-0.7351501167491423,-0.38085513123082704,0
-0.8185319786470122,0.3957609990314177,0
0.4852082118636436,0.8925925348895538,1
-0.7016828988162802,-0.511098336773105,0
0.9559604868819063,0.11455715506602737,0
0.6854107307183208,-0.6433659369191158,0
0.6280244804692368,-0.8085570945351219,0
-0.5918469586021193,0.4434129850627555,1
0.7238247485317135,0.15283987017303335,0
0.46620847917882124,0.5502017263508718,1
0.9250288094105856,0.3204794062122114,0
-0.3125445731518859,-0.9981685020635396,0
-0.5038677139486842,-0.6009578354566927,0
0.82938301131808,-0.012617137690018154,0
-0.5602138712967017,0.5586641724472143,1
-0.9080634580284834,-0.4780381168916119,0
-0.9662492004376375,0.526960450424736,0
0.11276353083545798,-0.040713930310626534,0
0.176680622443953,-0.5992028414579751,0
0.3473175129427091,0.7684687406184809,1
-0.2749349614170298,0.13155184258969665,1
0.6221586919492861,0.3789435633552638,0
-0.29424352073552207,0.37079578117129164,1
-0.1928370250936413,-0.34132234534201467,0
0.4726572025659581,-0.39554848326195136,0
-0.8598462084779592,0.3104122453572171,0
0.44585232835465805,-0.1730088709402393,0
-0.044634280888058875,-0.8913434614788307,0
-0.9922906735181722,0.5749457441570374,0
-0.6812927491195941,-0.9207151417949868,0
0.21279603082243326,0.9102445602189213,1
0.96051152685689,-0.906597366659657,0
0.48397937939245783,0.1496305605548227,0
-0.7388090547615964,0.9236803719110285,1
0.31532145552519464,-0.18852114145830967,0
-0.7847727975767962,0.4124807667102557,0
-0.035846588040342464,-0.48209220109831663,0
-0.5565103666358853,0.8500070223410934,1
0.49208836304499926,-0.9258806396842796,0
0.5009679306871571,-0.6323307489844616,0
0.2892347346695494,-0.661146128805788,0
0.06353692790968113,-0.7461496049429832,0
0.2366876331133807,-0.3709262828968738,0
0.1765170159562095,0.509142870114135,1
-0.0026624898192810775,-0.6660813894257516,0
-0.05078604455032343,-0.4952732798269053,0
-0.6655044796206819,0.1984401434009826,0
0.8186234025307686,-0.09463438017415249,0
0.5164956225626731,-0.5777638594755863,0
0.16473053589725462,0.876472519097012,1
-0.23577762714567974,0.2861013740617968,1
-0.19976839178207295,0.6495835236931924,1
-0.6443207758393308,0.9443841687594232,1
0.17375971356234876,-0.8385391516899794,0
-0.9862997380149428,-0.49898532568990284,0
0.8640565043671062,0.561249021271405,0
0.4400527110652883,-0.9112732206848511,0
0.12603673010400795,0.008518748514009467,0
-0.4179449073407222,-0.49230981935624873,0
-0.8612457994013607,0.2823352288718888,0
0.45865916611107904,0.06257450320973534,1
0.6528321885712887,-0.2983447381784379,0
0.9672271872153457,0.597710470103813,0
-0.9052634491992377,-0.10933629161649949,0
0.6370602144987496,0.2798273708855772,0
-0.2421466330404305,-0.3625328799642116,0
0.7976017071208119,0.9727090626160779,1
0.43634685861079703,-0.15006195291464475,0
-0.5138221757789294,-0.8320490754371372,0
-0.4723036213043752,-0.05324506187842437,0
-0.008334270420582879,0.6363741136846601,1
0.024921229326716476,0.5334406123520634,1
-0.03329637149717146,-0.30734492476389175,0
-0.24055684437348046,0.6670321124169054,1
-0.6912098869279106,0.02048007511190253,0
-0.9525743450565511,0.676622885412574,0
0.9503850154205615,0.43149725188384136,0
0.8922136389424045,0.9069532783004393,0
-0.7802879372393179,0.28883535563827567,0
-0.20330120509391203,0.8092695842981052,1
0.5644177151223224,-0.7378899678908402,0
-0.43959602924424757,-0.9240140791720037,0
-0.7311775489608066,0.4158040259606999,0
0.7759037195216796,-0.6753064210045294,0
-0.8067267877390829,-0.9195783682082299,0
0.9889852917696891,-0.7706908758431168,0
0.4862846169647661,-0.9850941357282379,0
0.29352547135235185,-0.3524463939632616,0
0.5247899924389248,0.7808958602389109,1
0.0842553600792435,0.03579345199824058,1
-0.9010845925479627,0.3127022838407154,0
0.5093392176823408,0.708272257274986,1
0.6138860188230943,-0.17382305199993398,0
-0.8589923466620846,0.4144007662773659,0
0.20901874423788813,0.3814059145365334,1
0.022096233238165786,0.8299795428010988,1
-0.20490124088094785,0.17962985232415174,1
0.6111310844725768,-0.38191255126708223,0
-0.6499420663223603,-0.584838627620957,0
0.2642306244250563,0.6389708212226661,1
-0.8663329392166783,0.1550995148523322,0
0.3888791019133404,-0.2713286136513673,0
0.7587404873166768,0.8710679368591892,0
-0.41338132359027613,-0.2516818165853001,0
-0.6023268724017561,0.5843988267688007,1
0.39839416880111345,-0.9173516930502235,0
0.248253153255779,-0.6893737813938987,0
-0.4632116115428444,0.9912137034068955,1
0.36070983579168847,-0.6137299646446466,0
0.18945880006870897,-0.973398019171789,0
0.3368890971332654,-0.49852814242135346,0
0.9635358634987912,-0.1728912243929719,0
0.6718311933344749,0.3275499294896951,0
-0.5181055907103309,-0.1357742545072651,0
-0.9065912550796094,-0.4038828661001137,0
-0.3677833097189165,-0.6498501400083005,0
0.028198143756850147,-0.8804717069577379,0
-0.2502998416844091,-0.9992834525356709,0
0.6333102192794755,0.7357767029584303,1
-0.7309861729055789,0.5756734566564301,1
0.93769910869416,0.5837623862744794,0
0.8274693663864043,-0.5403027472426447,0
-0.5109663871488919,-0.5828468947636603,0
0.5395927174496478,-0.27172465928970313,0
0.5965211254180975,0.22098651647033085,0
-0.9255579558868712,-0.9602932128734796,0
-0.3797067201107469,-0.3396670286062835,0
-0.18334612554527063,0.6883566235351937,1
-0.8677805271141115,0.19907020217466753,0
-0.2845730172879719,-0.1828882156045406,0
-0.2738415860157719,0.7171273378167176,1
0.16650099148730435,0.12218845813715618,1
-0.4806098362893494,0.41708149761990376,1
0.7665508945592261,0.9242033146408759,1
-0.050172030189835626,-0.6935735276710477,0
0.27533460247287067,-0.5404324443943798,0
-0.043560585572578914,-0.23348442211102705,0
0.7873141587956736,0.6942371313005244,0
-0.6715306519085211,0.07608400358165368,0
-0.9064143306107557,0.45549953080650707,0
0.964617451735742,0.6674607150024026,0
-0.23163015849735613,0.9492789204861067,1
-0.04752344065036995,0.7532886921821391,1
-0.2732903918858449,0.9220101177508881,1
0.7691159144880488,0.8794414140203568,0
0.21829114747178502,0.32625585708256133,1
0.6493158405122579,-0.7582335208164195,0
-0.9433485103498596,0.057574629171659675,0
-0.6313106930454058,-0.3919690901233106,0
-0.16056803427479438,-0.342673759729905,0
0.14710435667007382,0.9896678626455071,1
0.2633960963419244,-0.9456791148701753,0
0.5892617873737729,0.8059071848103152,1
-0.4827776945837903,-0.15072105929531854,0
0.8079007612065157,-0.9475455462255609,0
0.2843771732864564,-0.19514507307384266,0
-0.7349993124400653,0.4228288562404312,1
-0.18259778638498392,0.9800577289246439,1
0.6723243939149972,-0.23770718198553253,0
-0.7001557073621227,0.5235507206126304,1
0.4919411140068053,-0.647258189563445,0
-0.3224483789020727,0.33827204852453896,1
0.4906213932761323,0.8367917543002623,1
0.518473420027441,0.1284510095229452,0
-0.9175852655490235,-0.0408372815616469,0
0.7501457658997204,-0.6993318036038891,0
0.41989800403668065,-0.12902245573655846,0
-0.20636013604160053,-0.17360557467500137,0
0.1469137264717839,0.05891766298330814,1
-0.9039156655116267,0.17218783161081963,0
0.617097381492536,0.0500922123574119,0
-0.15256384277790058,0.8190612828277533,1
-0.6787527427562081,-0.7050383581207429,0
-0.1444770700574245,0.3076871079001655,1
-0.5600128667265307,-0.2110709088822913,0
0.7878623711135186,0.12512157235891652,0
-0.39018743437991765,-0.3723964039809855,0
-0.9806488968771141,-0.6123290659205676,0
0.3953413395265215,-0.9263214564198021,0
0.8829865830080272,0.7251753465347013,0
-0.684442403603243,0.39639477439120663,0
-0.44872576502440764,0.6503233859528865,1
-0.04765770642160261,0.5569959318391444,1
-0.16206053028984369,0.1427169527866179,1
0.3359623793601243,-0.07531565747238389,0
-0.7432181350205485,-0.8535723547766616,0
-0.5040603726183928,0.10446624790140313,0
-0.5523748312146921,-0.8201773044342451,0
0.9827231029926995,0.26889595454352433,0
0.21089421112223827,0.3139746978342002,1
0.13236350801694519,0.5887805445503713,1
0.16304497626146808,0.032514794495191346,1
0.2576031161754939,0.9891364753840806,1
0.19690959003386976,-0.0975509367896712,0
0.34480366447185884,0.8067263740392872,1
-0.10386811453396505,-0.17701647189595082,0
-0.27726757783172906,-0.8863643839427979,0
0.8409874557564203,-0.533238670784165,0
0.981669501688041,0.9626192049385593,0
-0.6423500854153916,0.9760955775319446,1
0.27084620399007964,0.031282229935357675,0
-0.5630131456122949,0.674577642546657,1
0.009937964019582468,0.04415035003181211,1
0.9603473245593308,0.49329613403930805,0
0.5522723296934846,0.1642128357882675,0
-0.2046731206644452,-0.22628475385523172,0
-0.9988702609355882,-0.49444596794536677,0
-0.5887527981098695,0.28062832787337877,0
0.3577416831858713,0.966226390397297,1
-0.5352966969723152,-0.1855684625972598,0
0.10353411066742435,0.779808925118888,1
0.6951411735026032,0.37183538229188984,0
-0.23453916553828646,0.15643531958439438,1
0.22282476796478434,-0.36814794745326185,0
-0.30017161499718314,-0.9438326193205908,0
0.06861475740313527,0.21530774187505175,1
0.5010899573070511,0.14112852249612162,0
-0.27491368609176603,0.7379653437691878,1
0.7649384449391645,-0.04651636210417154,0
0.9804258275172268,-0.41722760222314914,0
-0.9497282858986489,-0.9213195216923964,0
0.30694214440903433,0.7267635131728829,1
0.9743765873050207,-0.10312492651670713,0
-0.6963301135903537,0.3330365257103203,0
-0.7082992948632219,0.9139382046325655,1
0.008935386102382203,0.5297617104021941,1
0.22228676080253829,-0.661914961923801,0
0.023081180346204322,0.8402064279957726,1
0.4231882035998986,0.5169755641073057,1
-0.27144315535958374,0.7262385711938271,1
0.9116320474298918,-0.6417884853331961,0
-0.489871711283953,0.4395326822324883,1
-0.33919337025836627,0.7111345063309527,1
-0.31672633894986,-0.11218849372525197,0
-0.5671176828475069,-0.884229264231474,0
-0.1447762969131905,-0.2792343732987652,0
-0.5763756350679146,0.628009698863796,1
0.5146299467014672,0.06056663756058911,0
-0.36983341410129267,0.8922611604257604,1
-0.09453632697725478,0.1055137635558483,1
-0.2476815700692041,0.6113371314176488,1
0.6159534239796638,-0.9646983574443182,0
0.21419059861241108,0.8528159970425357,1
-0.6734830148627446,0.5671749909093424,1
-0.23283478004966884,-0.12421590891993817,0
-0.5798471650276735,0.9700537514358398,1
0.12882056619372628,0.21221431076383301,1
0.7455555755503298,0.4093806001348035,0
0.6909322297557376,-0.49037337720439633,0
-0.9872354237660161,0.4926715397245678,0
0.5522192901059169,0.3765597374894474,1
0.10276528084638104,-0.6769062419128471,0
-0.10500529735602937,-0.9771813952964428,0
0.9011759102952224,-0.8603069576914419,0
-0.6768960277407683,-0.9774927130752566,0
-0.07557027233763236,0.4156318229144045,1
0.1525814310825242,0.856558601641219,1
-0.3471826049624753,0.34224779611854017,1
0.5096706726196734,-0.5268586362663725,0
0.5129172671534494,0.17694265767258543,0
-0.9575600739368753,0.7141989730529388,0
0.3872029702011093,-0.05102381965079372,0
0.3293398816382629,-0.3602345516879808,0
-0.18377151789014423,-0.5439570356544421,0
0.5235474152421633,-0.5434523631845376,0
-0.6854580335994176,0.14974656485406568,0
0.07904630349882491,-0.35776475709645017,0
-0.10858735703410471,-0.16424431169678222,1
0.719797940592033,-0.07797810866762322,0
0.19153548269588838,-0.4046937910489443,0
0.8063954092692938,0.07733743293343043,0
-0.06757162250384963,0.05882296868553305,1
0.8052944354464524,-0.4284167311636864,0
-0.9333861109773303,0.2550288517379242,0
-0.3895749540716029,-0.6133125759055411,0
-0.9354000396122086,-0.39689608584581215,0
-0.10110360033613408,0.7144981604041665,1
0.5856359415257704,-0.9036883960604298,0
0.3066237407639991,-0.7662680792379486,0
0.2972701335158263,0.7793647376027355,1
-0.06238462244124854,0.10541347616875818,1
-0.847008832568056,-0.8730704783607046,0
0.23627212907954798,-0.032725338536614634,0
-0.9558386957268947,-0.8249277030282725,0
0.8235926220975565,0.7926015603728782,0
-0.13007986937650862,0.8690606970409649,1
-0.7678571435051242,-0.6274255418196342,0
0.018215256541023406,0.08040358061300346,1
0.9773510630366717,0.5465468620304024,0
0.6815339652988013,-0.0926363269832684,0
-0.613915807943743,0.6035977488699333,1
0.10621269181324444,0.32833914047409474,1
-0.07479520309295973,0.13367613117226718,1
0.3556806195503279,-0.5410032085910923,0
0.6740691677633177,-0.744106937690391,0
0.00012156111779870749,0.02743997769357942,0
-0.28070912085863164,-0.09118992630433764,0
-0.1744270619623205,-0.9413599514457185,0
-0.7835393468186875,-0.13290762063896522,0
0.2666054610646762,-0.46605586725303505,0
0.8271651393726394,-0.10562601927611137,0
-0.941168883288864,-0.40912879045753425,0
-0.08489370190750622,0.5882357438608841,1
0.054465835677321994,-0.6351387834860664,0
0.6990417552735508,0.1559692348175008,0
-0.08677278235302932,-0.40096057901785764,0
0.8507983113831068,-0.059962154980734095,0
0.8179001793312874,-0.007186967119654941,0
-0.9182078228177766,-0.4353848242818277,0
0.7004679832870584,-0.6629515689465408,0
-0.19568784966989883,0.4022590039967331,1
0.999098306411591,-0.7352891214128077,0
0.5371476606360808,-0.6746833508351948,0
-0.09000291442895447,0.23364418322735037,1
-0.12769579460377756,0.5772262011960738,1
-0.6752640980622686,0.8389624984018382,1
-0.6238644198233427,0.4262728208404396,1
0.48913762520699766,0.12036976045466541,0
-0.8571746010482133,0.7682323545535079,0
-0.5524695641635764,0.35133074819747256,1
0.5477103753622368,0.18030369225172427,0
-0.3384545507276564,0.743024012447302,1
0.36616825862280566,-0.053893052416940534,0
-0.8456468814260325,-0.28563220776239673,0
0.34046731479732295,0.30751033943384054,1
-0.6499089388993617,0.048877467507246974,0
0.7487730791250566,0.9730125106726604,1
0.2271532064338928,0.15276975131816117,1
0.5601830044359368,-0.14060321657084685,0
0.10807987630456828,-0.09233811392803348,1
0.7815925283553651,0.9830896913685383,1
-0.13446025074666124,0.8638120352462193,1
0.6906220698126087,-0.5207055532692264,0
0.52599201218356,-0.09560393164680403,0
-0.6737762436994208,-0.6356403395753973,0
0.07736964147002667,0.6107792191237507,1
0.308024329142526,0.6905024195957825,1
0.4125551823241582,-0.80410722451528,0
2.3097349074241436e-05,-0.5752190265403481,0
-0.45279562378525284,-0.24273106414868284,0
-0.0348372607723586,0.3709284988909538,1
-0.22569880918236085,-0.8608835324573605,0
0.5515876732409384,0.7263553766674626,1
-0.45301159079349484,-0.717471432146416,0
-0.7854679599891337,-0.41987303419622735,0
0.5730389372206675,-0.9202113766819973,0
0.33668079234084547,0.41884992604490034,1
0.7090665738294739,0.0565899161626231,0
0.1867601040401694,-0.9003174454899867,0
0.3590683600023974,0.662456308145223,1
-0.68692493560139,0.29683133934879047,0
0.1288166933980015,0.37056800264310263,1
0.32960383035139773,0.2592431997753111,1
0.2501817441446188,-0.5090470122519826,0
-0.47186448366973566,0.7037528500924903,1
0.27555331971409047,0.35304928906648714,1
-0.31989985165697354,-0.3707464934042868,0
0.10407493032507098,-0.5643048743092407,0
0.10579107113604325,0.6210957941530184,1
-0.29320956456272307,-0.3673437393635386,0
0.617017284141506,-0.9592588293881998,0
0.9078843701840886,0.5289676475563534,0
0.5335208716122228,-0.1747287611374322,0
0.8643567261686664,-0.7113256641754768,0
-0.5826414085322389,-0.43766393923764846,0
-0.21642222951661494,0.5012643068852007,1
-0.880251636694201,0.5984182218177776,0
-0.9811811459628499,0.5321925910540843,0
-0.4751026208249589,0.8420939544024575,1
0.6521049893438331,-0.4311195045023617,0
0.8615511615121851,0.5661117050823472,0
-0.7372250726609622,-0.6543621283980698,0
0.09387309678429778,-0.4860567859094562,0
0.2943096646683505,-0.9233421530552868,0
0.132565531701343,0.2630999631486288,1
0.7033811337743769,0.37947131692935687,0
0.9176934357810347,0.3105013410480799,0
0.9084866551561297,0.1714227280550551,0
-0.9661843272043185,0.4104956293351789,0
0.9553180627655098,0.6240813914822974,0
0.10748187571230994,-0.6384355400997153,0
-0.9128481729670916,-0.8067447623694277,0
-0.8339258592674272,0.6898069178646797,1
0.833961344516803,-0.362008452452274,0
0.5203102911415487,0.2825617116838255,0
-0.6891872778446002,-0.6013997650187055,0
-0.30618332391562086,-0.28023269358918346,0
0.610137096170341,-0.5906919791053509,0
-0.8464753314321087,-0.012183375605449243,0
0.23636568782155076,-0.8920553664262056,0
0.7967464549553132,0.7462930041142586,0
0.16590171345224447,-0.9217381649370715,0
0.8762200348109703,-0.0690428775923817,0
0.7803833662887383,0.2824663556147733,0
-0.25089925301872174,-0.7669965664589948,0
-0.3413431533998481,0.7448409750075435,1
0.23672774376492822,0.3969794706369476,1
-0.33557109258667484,0.23428483391875354,1
-0.6484136864594852,0.5399064641715547,1
0.036161868458690405,-0.779683039064428,0
-0.6347316987327059,-0.3837834623734153,0
0.8923209159591554,-0.5681400402251273,0
-0.9272267307911659,0.41301243182358705,0
0.5828693804370546,-0.349156096193884,0
0.19039608088867754,0.4024582902144871,1
-0.8810153937606466,0.9901480089221044,1
0.25220198227085033,0.179602572834352,1
0.33662896562264666,-0.3865366466661244,0
0.56068182465124,0.8218859254298454,1
0.7854740460085166,-0.5553435295870464,0
-0.5689272784588144,0.8699111081719804,1
0.44591815700379267,-0.3308361670535247,0
0.10132619755058414,0.9379000402843678,1
0.030211881202175883,-0.7428593543626343,0
0.12282480288585562,-0.29023701680638103,0
-0.9166627984365328,-0.5427065203813022,0
-0.8341739320563024,0.9851332789189478,1
-0.07685030230952283,0.6368340855083394,1
0.8281241629469343,0.4287272721727453,0
-0.048240545775805055,0.2610491385264828,1
0.2662677231207846,-0.49796118229828124,0
-0.572227081724042,0.22980509300632113,1
-0.9050796869122242,-0.5770075758886597,0
-0.40730887116158665,0.2928213782026319,1
-0.5579724666706627,-0.8374975998892626,0
0.9185037612448277,0.34063640347666735,0
-0.032102621772369444,0.5135266754348422,1
0.8405591158263943,-0.09019459898022908,0
-0.4353087537347875,0.8365128099986061,1
0.28295245506911604,-0.35135819980780947,0
-0.6821574303250668,0.08830264734865945,0
-0.6699211245653443,-0.7277930854455172,0
0.45020431367604874,0.5907257336748506,1
0.8744188286213708,0.7272338643086478,0
0.7486927533437933,0.34155950485455233,0
0.546354891694518,0.12271784736699565,0
0.6778756339080194,-0.40744488637974063,0
0.03556242093580497,-0.6438331420350341,0
-0.8026456404504092,-0.6004004032755239,0
-0.4181853382285068,0.5508473982151407,1
-0.17758810066137798,0.01787674830325381,0
0.9554192990607302,0.6667839174592698,0
0.9797260497905789,-0.9792470243690967,0
0.2881963944677983,-0.814968639674192,0
0.5677421842478323,0.6282477914781412,1
-0.3447924367673594,-0.828009377345865,0
0.810534100070718,0.26405107170385866,0
0.8873349933251111,0.06834951422627134,0
0.8810326268539219,0.5789290860849159,0
0.981655792196622,-0.181603647331263,0
-0.9984708867440011,-0.20506916156505328,0
0.5726121158340975,-0.6688741735579753,0
-0.5328177600294464,-0.9404459738499686,0
0.0706697852187037,-0.5956463864592423,0
0.6500000966391588,-0.1627988556686446,0
-0.9905669239012709,-0.24271933914098298,0
-0.10086974670908533,-0.884161884002191,0
-0.2006588672790819,0.12376769157362322,1
0.36134902599334984,-0.9230056182107684,0
-0.2854245373942683,0.9604294250132102,1
-0.07938219139585989,-0.15927483892061844,0
0.9727116450458222,0.10815000060271074,0
0.5538436846774384,-0.383319005526086,0
-0.11484456991838066,0.9173995437096489,1
0.7076159234677915,0.2654650824968843,0
0.1437872516414629,0.5801748623487859,1
0.7321555212502979,-0.2191308408268664,0
-0.7374563342967662,0.12487741082272374,0
-0.9155594980749069,0.6393812340703415,0
-0.9718121204955705,0.06902373932928563,0
0.5695799163186965,0.8892249509853551,1
-0.3118830344337187,0.7903364395485861,1
0.8279477665806769,-0.10037217341865556,0
0.2690221497843144,0.19567113798439184,1
-0.7549167284245379,0.05946461182153295,0
0.4737367074359249,0.4782110345162929,1
-0.6858659468626829,-0.12907011055270368,0
-0.47441586250344403,0.5565330601571636,1
-0.9899076947835102,-0.8196674528499537,0
-0.36762898249569953,0.48316568933804227,1
0.2630694583276083,0.20891678913636103,1
0.02432716646649702,0.4277692908660158,1
0.6938227133120203,-0.010744782389265684,0
0.6076505937688363,0.7736583397512184,1
0.6344011190846506,0.11848042104542378,0
0.7249749097345242,-0.6388871722015952,0
0.14029409409409443,-0.614357147845159,0
0.45729468336542944,0.8586171611829088,1
0.641825376142209,0.583363913565482,0
0.01120194926752216,-0.341325114807812,0
-0.17349293265351418,0.3015957368932407,1
0.24836991557409682,-0.1253932967575957,0
-0.30359206872320255,0.11357921766352663,1
-0.5497163236005063,0.12602117876401198,0
-0.6559357416809877,-0.23312670745923803,0
0.4948990468908838,-0.4159467735890934,0
0.17318769600124195,0.9473254168081988,1
-0.634773971312165,-0.7578861991177512,0
0.47948140046195165,-0.16981192977021742,0
0.8710398638420307,0.39304019243064303,0
-0.30125237972684427,-0.4810115890120559,0
-0.11523510006676574,-0.12175235673804385,0
0.46172084309129735,-0.7857069303048327,0
0.7942978343206115,-0.3337037470555466,0
-0.13599726032689663,-0.01042404407589781,1
0.2523963711815582,0.6056302935550779,1
-0.46393125111384825,-0.8373214189667557,0
0.7099742486613783,-0.7393618220979188,0
-0.8763055978216716,-0.07356183108286563,0
-0.311358060532666,0.8462761244725794,1
-0.4310269748294726,-0.040586662171277155,0
-0.6520761275568534,-0.3859473744772015,0
0.8745089091166354,0.9738891210193716,1
-0.7892163191505586,-0.5810950468438734,0
0.2779293251063222,-0.44024508814771957,0
0.5503006016808816,0.7765189738983516,1
0.7946139405319681,0.6134608634095904,0
0.5351545075760458,0.659475808058871,1
0.3495988170588651,0.13546463772600492,1
-0.01618485915921042,-0.8656365707231006,0
-0.8358744765634376,-0.23755403842109435,0
0.2582806209117625,0.8117377221972242,1
0.7751830354314568,0.9878901254534542,1
0.813138900835439,-0.899289898250393,0
0.6790540151127864,0.07221836885275268,0
0.5275847902624289,-0.49901367852120715,0
0.5581449125012581,0.5562096598429944,1
-0.25801395206560285,-0.502351185558038,0
0.5708134922692347,0.569795337143816,1
-0.5764252976168682,0.6419220514305106,1
0.7218750468378867,0.497081460010405,0
-0.3985237020870436,0.45403806651086276,1
0.9392885545092231,-0.7091627298742607,0
0.6477320916322533,-0.8374494613105867,0
0.0696889547467252,0.40716024415483876,1
-0.4349722384860635,0.14277292162239452,1
0.4907156441334175,0.8770245386905631,1
-0.11172414054100921,-0.3622311644491527,0
-0.6552364376406459,0.3776404466385386,0
-0.8013083927064255,0.595554995234157,0
-0.3568702874084837,0.199142074041869,1
-0.5015847537571032,-0.8700383339970721,0
-0.6926080989450496,0.5664195598860542,0
0.8756923336657545,-0.47896974811255055,0
-0.5191424501526587,0.10940145499648413,0
0.60796976987856,-0.8647674377789751,0
-0.6691748111161546,-0.20398796185105983,0
-0.3998544243031852,0.03486476455268139,0
-0.10248570344077179,0.30695728698761404,1
-0.01762714705344348,0.9346739489087155,1
-0.44760166601833173,-0.1649797172218075,0
-0.40536550181334996,-0.9831923372330831,0
-0.3476068980601208,0.5973280573407103,1
-0.4181906737739032,-0.6549535576488756,0
0.6957640848847038,-0.03754961446609517,0
-0.9815731160663994,-0.11425690803838928,0
-0.027308741936702186,0.735487035588537,1
0.9973010794112109,0.3164699511204694,0
-0.5547361631232948,0.9652157602847311,1
0.48060134977692814,0.7208439233752888,1
0.5916814679324089,-0.08146652715460623,0
-0.3410519209753702,0.7698656556899102,1
-0.5144428747799199,-0.8156033116632251,0
0.4882541683699748,-0.47332648195156946,0
0.7144097172004851,0.8571166761323863,1
0.40022041426803967,-0.09751226570383165,0
0.13535018825626,-0.4939887759230641,0
-0.42572508494474715,-0.6916376686206087,0
0.5148080769132342,-0.6784156636718943,0
-0.7221076098232138,-0.04379034817988825,0
0.4650739588180186,0.5389690138126559,1
0.34040430939760324,0.7534439368404005,1
0.5072837930972853,0.6588817444142856,1
0.033633221165559,0.3170419578103003,1
0.6168511994767218,-0.4918535459043598,0
0.9323260641010616,-0.16649617243651438,0
0.6418709392488542,0.1843677038474003,0
0.5208028676869767,0.5633236091576896,1
0.0753462087498935,-0.46321493138363024,0
0.8308181302389936,-0.9249269156334055,0
0.32291636296075676,-0.35089050159376445,0
0.28535823110174907,0.3698344972159213,1
0.25745889042456604,0.30769311070503913,1
0.693168028055426,-0.8308348885161194,0
0.32932281413567077,-0.7028165977266061,0
-0.7197880788571764,-0.9811004852758318,0
-0.8873009026795728,-0.9927956571233743,0
0.344030458499184,-0.06973300811145022,0
-0.6698371546153004,0.8065707674083327,1
0.361883319184932,0.01032964378347323,1
0.4921535329836646,-0.8703469202317071,0
0.994977842174045,-0.14346818052261767,0
-0.37112779523457484,-0.551436403865954,0
0.9647522705855964,-0.7028517359502877,0
0.8114070017067372,0.243499680848817,0
-0.7440567608423123,-0.0680896936754316,0
0.37148670903191694,0.7271457810965984,1
-0.20916402436038894,0.36344764765334836,1
-0.37283743641927125,0.2680919000831796,1
-0.05417288558803901,0.7521313412065973,1
-0.4971097542543734,0.634431837063165,1
-0.4537959344081144,-0.9915626148739629,0
-0.4435152721699751,-0.43088023057200253,0
-0.9374879159272858,-0.008959393042653696,0
0.07132666506342944,0.9202921613166526,1
0.08505090031685136,-0.43527063173131664,0
-0.15274965473401592,-0.4079052539669783,0
-0.9442028073081334,-0.59865787297205,0
-0.245281785067053,-0.8193601222053208,0
-0.391442741369612,0.9705871381338198,1
-0.9152484591904673,-0.6897055375155614,0
0.8639118492576399,-0.8756669094134317,0
0.10229702426106946,-0.5537431935723658,0
0.9882533166769094,-0.07952717883378524,0
0.5108884294254035,-0.8774791877225991,0
0.9434015098804875,0.675916182468826,0
0.3691624226443213,0.6646324530723562,1
0.876109997430673,0.09129271318389054,0
0.7676934317763306,-0.009633219912471569,0
0.4403169503146145,0.8992337165069408,1
0.29571671752267537,-0.7661845604943478,0
0.3938421252516404,-0.4129023572830064,0
-0.8997234984279079,-0.3066883206233999,0
-0.7548612348148094,-0.2835675685119772,0
0.0643099579597235,-0.9356250867000944,0
-0.33775889849352425,0.31611014647686275,1
0.5525473072756482,0.31872407418433,1
-0.5698732505330939,-0.3452298258555613,0
0.017242180306562993,-0.24102242891020764,0
-0.9801621362339978,0.2526290280605763,0
0.11714815274367929,0.43839488053474396,1
0.14411080089816286,0.01187549242806707,1
0.9749054959281926,0.6443859557997047,0
0.5727139215624242,-0.8283083230210144,0
0.017768678486498768,-0.7252092524660922,0
-0.8068036222276451,0.9966703282059022,1
0.8055401397001107,0.17666184408550234,0
0.5784103229200193,0.16605753451904692,0
-0.6648665218790795,0.7676900027221443,1
-0.6178168788651941,-0.7102286922903847,0
-0.7029678068381182,-0.9862261613042118,0
0.37027029531428,0.5862700610122498,1
0.35039161325248247,-0.41244037087861396,0
-0.16669054066550193,0.0037501468425489293,1
-0.885938254834115,0.2695378453808268,0
0.8487134471565907,-0.8823534342547827,0
0.7333708730740065,-0.1199774133037208,0
0.837451758704995,-0.9937610790821503,0
-0.08522408516110325,0.4990255153982073,1
-0.1371834862118686,0.8175655283212993,1
-0.9992016883413213,-0.02392755512964473,0
-0.12250021312418458,0.153579825671617,1
-0.50337629823698,0.7146004517557778,1
-0.9715151012144057,0.7422621741334792,0
-0.6014098623859954,-0.17463763734072013,0
-0.6558567958672068,-0.2695189672303644,0
-0.6852606458824262,-0.9435877081513855,0
0.16204164154067002,-0.6024334749278508,0
0.4367821618971921,0.20009871859248785,1
0.018911947913021088,0.6612534345390371,1
0.8231302729593093,-0.5135827061791876,0
0.4756008309076307,-0.9003292065199913,0
0.8146520015400673,-0.7921387874016492,0
0.24450057465015718,0.9014010822468657,1
-0.38417689251070275,-0.9506583697355981,0
-0.789634948966266,-0.918422031339033,0
0.6829154945958662,0.8787087530714057,1
0.7931495834710782,0.052297060401768736,0
0.9280461853164974,0.20260544629372723,0
-0.9099813988026759,-0.1067171140301224,0
-0.8361108788023364,-0.07064198171757052,0
-0.6879020698049987,-0.0721763284816086,0
0.830466304249714,-0.9705322979363575,0
0.8516930968975813,0.8514857800620479,0
-0.3522773420546592,-0.21637106903695602,0
0.7259277056800966,0.4219368392341454,0
0.5612107093739052,0.34593508012738594,1
0.12396874291129811,0.21276644152682267,1
0.16220290521836644,0.7413489188147337,1
0.12805598422426567,0.9447801437243382,1
-0.4904680804992241,-0.610435014994916,0
0.0464953036337421,0.6876961827598715,1
-0.9893956032837541,0.34463240320593136,0
0.997612751275285,0.537697775370291,0
-0.9521723966707425,0.1521116552743167,0
-0.7750909425107253,0.8799600215058334,1
-0.3219275536771451,-0.8192752072546958,0
0.7768687498935039,-0.7268143252717851,0
0.8205536337568,-0.06338275457781961,0
0.23505881955377395,-0.6033716019867006,0
0.5711833867951162,0.002746949600672899,0
0.8812265579868668,-0.7190346248940764,0
-0.26693055645535435,-0.47903587398717584,0
-0.185737398108613,-0.6079480237948935,0
0.46430525366362607,-0.14510454172112341,0
-0.6477622567421812,-0.6234076243888769,0
-0.26044571392016524,-0.9560706007883961,0
-0.0376154946164966,0.38044297816398065,1
-0.4402534136821197,0.6744668169621264,1
0.04074651100323323,-0.9727067241750407,0
-0.5505090441676159,-0.41865383064849526,0
-0.3604989757088022,0.8290439659779898,1
-0.5477078417369601,0.44109899970705935,1
-0.14711624467119844,0.18455062301295855,1
0.9900870414187157,-0.7800691186628277,0
-0.27782468847918684,0.249121461130148,1
0.15709318607094813,0.5207105790665159,1
-0.28728158245066027,0.11442450770925872,1
-0.586728712110099,0.3020349196535801,0
0.9478350411336967,0.2225503248367271,0
0.17992975001151512,-0.8166433104003519,0
0.5771618336861573,0.8188010112911648,1
-0.9825825556659362,-0.5067854128025397,0
-0.041551751483583255,-0.5172346268838492,0
0.8986647318932588,0.4927484977947483,0
-0.7402998570418173,0.5045236943112965,0
0.49351166401758917,0.12325774806520062,0
0.17465472474780563,0.17040235680075688,1
0.8345375489307498,0.0344168919631207,0
-0.490441009842542,0.29931168237650696,1
-0.8738348450057845,-0.9525746609757029,0
-0.7341836081527762,0.8317999955747906,1
0.12530820962278422,0.9531246490704868,1
0.7736347239286026,0.5433051135181006,0
-0.2049414396077729,-0.3337733546586368,0
-0.8820266407658368,-0.21854143382959745,0
-0.05020547608925097,0.4596247032754337,1
-0.12171493020746205,-0.7619295164021513,0
-0.07094617520999913,-0.20461447667193577,0
-0.5139794257834456,-0.6517885009351965,0
0.47632960927450707,0.2729732034700867,1
-0.4811932920493365,0.01809737910278164,0
-0.4570654197361279,0.4990789507477831,1
-0.2895524613118172,0.7190883185451697,1
-0.9970539246104377,0.592578957509784,0
-0.505110735063552,0.9333335662344464,1
0.9360104562103928,0.15438724386980773,0
0.0782714392270012,-0.01556609344404758,1
0.8550675313013465,-0.02632695860809897,0
0.31766199739049106,-0.8885240924775961,0
0.6418791374145807,-0.8458096012401521,0
-0.050127376970467985,0.36717666744041044,1
0.32381384701912186,0.17847434880653634,1
0.25509940717814983,-0.07144555537478992,0
-0.827850242213451,0.38800838300131213,0
-0.18468639015291077,0.570729241996365,1
0.6253257277812148,0.9177566444195426,1
0.4856040028419806,0.5818581373503817,1
-0.5314489993052658,0.4337793992700727,1
-0.30915890567527904,0.6953740620328783,1
0.5722280408777489,-0.2895660209564217,0
-0.03540271678612239,0.9773452188599632,1
-0.01585479310299398,0.8449411303195189,1
-0.44158208667889864,0.9256173814248443,1
0.5827380645015379,0.6777485422336622,1
-0.7606183594104867,0.4350283018074612,0
-0.3239387473382871,0.679365278952164,1
-0.9137298897805464,0.9583914790468875,1
0.7407036586322122,0.8532619693121897,0
-0.24551433875080253,-0.7742825792860433,0
-0.2717324766595406,0.9760423975323103,1
0.3075578509457615,-0.2800681061122132,0
0.26483319252449533,-0.023612500659518254,0
-0.11614667062136474,-0.9703950877396139,0
0.7714090445224493,0.8912254558683503,1
-0.974913483069312,0.23914280681002675,0
-0.6823581856586429,-0.7934290293384132,0
0.30412454571731473,0.5340667387671927,1
-0.9116814873044994,0.9422746583882402,0
0.009421997672848459,-0.654417067954054,0
0.3559454412625762,0.15877805121740485,1
0.5464872424562006,0.3546316697868894,0
-0.33894787918490965,-0.9672787964409699,0
-0.3850711523926664,0.5004841883711686,1
0.30956304389042333,-0.957580800505641,0
0.2757641631083778,-0.5762718999813135,0
-0.9179609849899237,0.025219436907069293,0
-0.139970320974387,-0.28058554292597004,0
0.5630073043882473,0.801165266087446,1
0.22632222506059319,-0.3726319618379965,0
0.39134365516473424,-0.2825410521243972,0
0.24830129295746883,0.26004247137063463,1
-0.8000987937218051,0.08605317881109475,0
0.45184535768224254,-0.4878809742468384,0
-0.8442715183526548,-0.7066190933919807,0
0.7065938692853093,0.46707403829928573,0
-0.18561817783062295,-0.9930379028706251,0
0.7978100062071896,-0.7506749140923601,0
0.40118384310429356,0.9523220705901565,1
0.01192777738548223,0.4856235075640709,1
0.4816971350414254,-0.7803738278225392,0
-0.44565990491729846,-0.011291836776279984,1
-0.47588014674931545,0.12920177072628558,1
0.7254874773542661,-0.20140524601623322,0
-0.8897022227772307,0.40506961521837526,0
-0.45576359616822737,-0.8165990277077011,0
-0.6652881923707596,-0.37644012513937297,0
0.22137991029299764,0.9721397519460273,1
-0.15075047382347417,0.19394758874120965,1
0.8824172358948328,-0.4577483162065177,0
-0.9782476145843448,0.7807917268735387,0
-0.03508163146133603,-0.9492065558090255,0
-0.4613197651471681,-0.6298861296547149,0
-0.7335007006241467,0.7057785521909379,1
-0.2771498618157322,-0.8392983012486261,0
-0.5282838904963392,0.3023022709132006,1
-0.4304578131098513,0.24949035097015448,1
-0.3525129764987236,-0.7142294719882669,0
-0.6543958032082136,-0.500639929337878,0
0.47306651429078284,-0.9501770281461808,0
0.1228782124065757,-0.6339599067883177,0
-0.9409900182602919,-0.17216789882064232,0
0.7723361491296399,0.4291105547906453,0
0.01862321966230085,0.7323355614265563,1
0.5910680880588881,0.0672359688779327,0
-0.19897591638632806,0.4422983124762625,1
0.03026264578843363,0.5245856309139378,1
-0.5803308833231391,0.37840565265480874,1
-0.8816950499433425,0.4832644716136574,0
-0.4086331121389024,-0.65511026516673,0
-0.0989157891157495,-0.31181728666581576,0
-0.39395360714168737,-0.013882697949989087,1
-0.6871200788437868,-0.6600898767092485,0
-0.3191627993176043,-0.7789308101324965,0
0.07666975173776636,0.8777495883957223,1
-0.0500572394232055,0.1150986350338088,1
0.37691762260096273,-0.7004256560537765,0
0.7512288660639967,-0.6343463026830667,0
-0.5178462194729125,-0.6304269932885722,0
-0.30163887656630606,0.17676682843418123,1
-0.32762515716712626,0.15449287146246227,1
-0.28056547093826123,-0.3532465934534874,0
-0.7537065982145876,-0.5363254618934323,0
-0.6915760330510872,-0.6685644468501661,0
-0.26006787722992675,0.7827631274085916,1
0.26701225782832605,-0.27871949846656685,0
-0.0333246812896375,-0.949753587794719,0
-0.6081848805077339,0.828896490883636,1
0.4394275765355298,0.03260561390245398,0
-0.19188223760156298,-0.21358211543920347,0
-0.6752305433704482,0.9235887970592034,1
0.10923865599153437,-0.8870248148435187,0
-0.032808233105521944,-0.8336184820698564,0
-0.1776251856569493,0.2877255703535113,1
-0.24997986378293358,0.23885351676892452,1
-0.057214794106816624,-0.7927444863408224,0
0.31428375123427776,-0.9286875740877771,0
-0.7772760951365301,0.16859758132061797,0
0.17084126077951267,-0.3226848521857888,0
-0.7451242321044129,-0.9325302010586709,0
0.7781617418164168,0.36474309563653495,0
-0.8794107534526623,-0.615917184290004,0
0.3046871381275791,-0.22353930927268517,0
-0.49555336070885336,-0.20232297500513297,0
-0.8954368767450351,0.9198835542105785,1
-0.1846677089510167,-0.47783898450003237,0
0.2867077215234961,0.34862996001497715,1
0.3263766068984779,-0.8913167046420076,0
-0.7210081412055167,0.6913572714077489,1
-0.9972900398936035,0.9100738230412067,0
-0.4044446427564228,0.6604937645934845,1
-0.6336137238913626,0.2911801555166966,0
0.668470355711257,-0.9107816706911611,0
0.4059795543147837,0.15458347425453622,0
-0.5389323437063855,-0.037444183439367285,0
0.18453602327653318,-0.7914927918279475,0
-0.9833590684596494,0.5960759208715891,0
-0.4909279527279591,-0.9267101604027483,0
-0.7341511621138217,-0.24006980291617497,0
-0.35585866018294077,0.25560839027790716,1
0.7738010314917401,-0.7638565015586034,0
0.8400403449064575,-0.6665949659583086,0
0.5648815652829846,-0.5102635382489371,0
-0.047114400117559185,0.5027389609152892,1
-0.11654465474870301,0.07480993462719776,1
0.8664356562194624,-0.8800631047213334,0
-0.39830323022171554,-0.6029052538317634,0
0.11546548048642857,-0.5812560375177991,0
0.34605662640510526,-0.004732703896179524,0
-0.8565427049380485,-0.6695657270365323,0
-0.3177253688445012,0.4610969933130038,1
0.8012322749471736,-0.2236285865482579,0
-0.635003479818933,0.13807649483357132,0
-0.06852784316489235,-0.7772962711527627,0
-0.6482249196457857,0.21219706993647525,0
-0.06442090732458383,-0.554399231194187,0
0.9208815582293493,0.2288744687981945,0
0.6424363642857946,-0.8931802466507224,0
-0.9182973610408589,-0.9154841703511676,0
-0.24806850037831119,-0.16405549504804995,0
-0.348875542550932,0.6609441663763846,1
0.5936681770640269,-0.5024438923427172,0
-0.4337774842582294,-0.7949024921700663,0
-0.5922346809993895,0.31102165842978846,0
-0.11956082001936719,-0.9817484144671105,0
-0.05511648938976621,-0.4487212465262225,0
0.41707037893181487,-0.12440293426039029,0
-0.17506836959864702,-0.9381988692503844,0
0.4452553510909294,0.9225741173848618,1
-0.6890147547579941,0.7554984978943526,1
-0.6376093541589833,-0.12180150257209332,0
0.763384212468839,-0.01414529466470893,0
-0.019512780095893856,0.2779401900716769,1
-0.8591947845521815,0.9371241705638615,1
0.41862980154982776,0.43195869878306214,1
0.7040615893607429,-0.17620565409937283,0
-0.4102566182118217,-0.2948266122748624,0
-0.7046532336990174,0.5514042732749569,1
-0.4964169611894662,-0.053572513104120034,0
0.18261905277169554,-0.33075088516182594,0
0.09709965294749101,0.0610747807175438,1
-0.37804944276426333,-0.358397094241077,0
-0.17226464337712244,-0.5853204109190273,0
0.03247469653829671,0.058993427208503535,1
0.9031068918122416,-0.8924965335158295,0
-0.6366143623777634,-0.6503781495533296,0
0.7393426081801513,-0.42769407125149805,0
-0.8364678379497905,-0.4421241198615651,0
0.3322836457111227,0.09793195918727471,0
-0.9163244851580881,0.22219878596248788,0
0.8623067342349413,0.606443986402057,0
-0.2234651272717325,0.4025416331390108,1
-0.9912033877058253,0.5089123800226867,0
-0.3097147619195042,-0.6952050611749228,0
-0.947499848174091,-0.42867506266807864,0
-0.22775649068549764,0.6944528485754478,1
0.9712744375483695,0.3796659179457831,0
0.8109862354396631,-0.6409804325797204,0
0.16311247140246543,-0.6638826744113275,0
-0.8600299535532971,-0.7885670002447298,0
0.8636183196403491,-0.33770226647850343,0
-0.17651623399193905,0.33185406084953795,1
-0.7019404764383701,-0.10670694577697248,0
-0.36432403228469434,-0.16971368084651872,0
0.5012968379017098,-0.5059196635620968,0
-0.4889964993463205,-0.3082745856385867,0
0.6529018577776082,0.7046747010210062,1
0.4488704084029709,-0.3426732245197954,0
0.20068768296277661,0.9894055809528175,1
0.2520273773014816,-0.32327736104448257,0
0.889107410633527,0.3098632338280898,0
-0.8297829798447314,-0.5924595550537852,0
-0.11780683942638803,-0.8421021422668555,0
0.9114160453305913,0.5877591645967601,0
-0.3773167204594077,0.2648009590236484,1
0.6459074405493432,0.45642851308639387,0
0.8017450266650787,0.8864741821168185,0
0.5166155231714034,0.8547065385919523,1
0.1453757942707976,0.1759928994694906,1
0.5294988899209148,-0.7452551411157047,0
0.15875005820248012,-0.476799808370314,0
0.6492319636750701,0.7112643794277651,1
0.6796947536590723,0.7736133799338072,1
0.1505543534398901,0.46120771939568717,1
0.7614964947457072,0.45608443264002974,0
0.19681356935985672,-0.8576022131173664,0
-0.1287631545898813,-0.48203291629685063,0
0.39340076696535364,0.6683757973732805,1
-0.8742888436211109,-0.366834771611833,0
-0.24851790947542485,0.887305099794649,1
